production_id,shipment_batch_id,company_id,company_name,label_code,season,gender,fabric,garment_type,color,garment_units,production_start_date,production_complete_date,production_due_date,production_duration_days,due_buffer_days,is_late,line_or_machine,risk_stage,scenario_tag
PRD-00001,SHP-202301-01,1,옷감사,W2WPL07BE,여름,여성,폴리에스터,팬츠,베이지,32343,2022-12-02,2022-12-16,2023-01-08,14,23,N,fabric-line-2,normal,smooth
PRD-00002,SHP-202301-01,2,케어라벨사,W2WPL07BE,여름,여성,폴리에스터,팬츠,베이지,32343,2022-12-16,2022-12-21,2023-01-08,5,18,N,label-line-3,normal,smooth
PRD-00003,SHP-202301-01,3,지퍼단추사,W2WPL07BE,여름,여성,폴리에스터,팬츠,베이지,32343,2022-11-30,2022-12-09,2023-01-08,9,30,N,zipper-line-4,normal,smooth
PRD-00004,SHP-202301-02,1,옷감사,W1MTP05BE,봄,남성,폴리에스터,티셔츠,베이지,32046,2022-12-06,2022-12-18,2023-01-18,12,31,N,fabric-line-5,normal,smooth
PRD-00005,SHP-202301-02,2,케어라벨사,W1MTP05BE,봄,남성,폴리에스터,티셔츠,베이지,32046,2022-12-23,2022-12-30,2023-01-18,7,19,N,label-line-6,normal,smooth
PRD-00006,SHP-202301-02,3,지퍼단추사,W1MTP05BE,봄,남성,폴리에스터,티셔츠,베이지,32046,2022-12-09,2022-12-18,2023-01-18,9,31,N,zipper-line-1,normal,smooth
PRD-00007,SHP-202301-03,1,옷감사,W2WTL06WH,봄,여성,리넨,티셔츠,화이트,30857,2022-12-23,2023-01-04,2023-01-27,12,23,N,fabric-line-2,normal,smooth
PRD-00008,SHP-202301-03,2,케어라벨사,W2WTL06WH,봄,여성,리넨,티셔츠,화이트,30857,2022-12-26,2022-12-30,2023-01-27,4,28,N,label-line-3,normal,smooth
PRD-00009,SHP-202301-03,3,지퍼단추사,W2WTL06WH,봄,여성,리넨,티셔츠,화이트,30857,2022-12-27,2023-01-05,2023-01-27,9,22,N,zipper-line-4,normal,smooth
PRD-00010,SHP-202302-01,1,옷감사,W2WPM10GY,겨울,여성,울,코트,그레이,36769,2022-12-26,2023-01-09,2023-02-07,14,29,N,fabric-line-5,normal,smooth
PRD-00011,SHP-202302-01,2,케어라벨사,W2WPM10GY,겨울,여성,울,코트,그레이,36769,2023-01-06,2023-01-13,2023-02-07,7,25,N,label-line-6,normal,smooth
PRD-00012,SHP-202302-01,3,지퍼단추사,W2WPM10GY,겨울,여성,울,코트,그레이,36769,2023-01-06,2023-01-15,2023-02-07,9,23,N,zipper-line-1,normal,smooth
PRD-00013,SHP-202302-02,1,옷감사,W3MJW01NV,겨울,남성,울,재킷,네이비,30813,2023-01-01,2023-01-15,2023-02-15,14,31,N,fabric-line-2,normal,smooth
PRD-00014,SHP-202302-02,2,케어라벨사,W3MJW01NV,겨울,남성,울,재킷,네이비,30813,2023-01-13,2023-01-18,2023-02-15,5,28,N,label-line-3,normal,smooth
PRD-00015,SHP-202302-02,3,지퍼단추사,W3MJW01NV,겨울,남성,울,재킷,네이비,30813,2023-01-14,2023-01-23,2023-02-15,9,23,N,zipper-line-4,normal,smooth
PRD-00016,SHP-202302-03,1,옷감사,W2WTO11BK,가을,여성,트윌,아우터,블랙,34301,2023-01-21,2023-02-02,2023-02-23,12,21,N,fabric-line-5,normal,smooth
PRD-00017,SHP-202302-03,2,케어라벨사,W2WTO11BK,가을,여성,트윌,아우터,블랙,34301,2023-01-31,2023-02-05,2023-02-23,5,18,N,label-line-6,normal,smooth
PRD-00018,SHP-202302-03,3,지퍼단추사,W2WTO11BK,가을,여성,트윌,아우터,블랙,34301,2023-01-17,2023-01-23,2023-02-23,6,31,N,zipper-line-1,normal,smooth
PRD-00019,SHP-202302-04,1,옷감사,W2MTC08RD,여름,여성,면,티셔츠,레드,33523,2023-01-23,2023-02-03,2023-02-28,11,25,N,fabric-line-2,normal,smooth
PRD-00020,SHP-202302-04,2,케어라벨사,W2MTC08RD,여름,여성,면,티셔츠,레드,33523,2023-01-26,2023-02-01,2023-02-28,6,27,N,label-line-3,normal,smooth
PRD-00021,SHP-202302-04,3,지퍼단추사,W2MTC08RD,여름,여성,면,티셔츠,레드,33523,2023-01-25,2023-02-03,2023-02-28,9,25,N,zipper-line-4,normal,smooth
PRD-00022,SHP-202303-01,1,옷감사,W1MTP05BE,봄,남성,폴리에스터,티셔츠,베이지,33296,2023-01-25,2023-02-06,2023-03-08,12,30,N,fabric-line-5,normal,smooth
PRD-00023,SHP-202303-01,2,케어라벨사,W1MTP05BE,봄,남성,폴리에스터,티셔츠,베이지,33296,2023-02-03,2023-02-08,2023-03-08,5,28,N,label-line-6,normal,smooth
PRD-00024,SHP-202303-01,3,지퍼단추사,W1MTP05BE,봄,남성,폴리에스터,티셔츠,베이지,33296,2023-01-31,2023-02-09,2023-03-08,9,27,N,zipper-line-1,normal,smooth
PRD-00025,SHP-202303-02,1,옷감사,W2WTL06WH,봄,여성,리넨,티셔츠,화이트,30976,2023-02-06,2023-02-18,2023-03-18,12,28,N,fabric-line-2,normal,smooth
PRD-00026,SHP-202303-02,2,케어라벨사,W2WTL06WH,봄,여성,리넨,티셔츠,화이트,30976,2023-02-15,2023-02-20,2023-03-18,5,26,N,label-line-3,normal,smooth
PRD-00027,SHP-202303-02,3,지퍼단추사,W2WTL06WH,봄,여성,리넨,티셔츠,화이트,30976,2023-02-14,2023-02-22,2023-03-18,8,24,N,zipper-line-4,normal,smooth
PRD-00028,SHP-202303-03,1,옷감사,W2MPL09NV,가을,남성,폴리에스터,팬츠,네이비,34356,2023-02-10,2023-02-24,2023-03-27,14,31,N,fabric-line-5,normal,smooth
PRD-00029,SHP-202303-03,2,케어라벨사,W2MPL09NV,가을,남성,폴리에스터,팬츠,네이비,34356,2023-02-26,2023-03-03,2023-03-27,5,24,N,label-line-6,normal,smooth
PRD-00030,SHP-202303-03,3,지퍼단추사,W2MPL09NV,가을,남성,폴리에스터,팬츠,네이비,34356,2023-02-21,2023-02-28,2023-03-27,7,27,N,zipper-line-1,normal,smooth
PRD-00031,SHP-202304-01,1,옷감사,W3MJW01NV,겨울,남성,울,재킷,네이비,33338,2023-02-28,2023-03-14,2023-04-08,14,25,N,fabric-line-2,normal,smooth
PRD-00032,SHP-202304-01,2,케어라벨사,W3MJW01NV,겨울,남성,울,재킷,네이비,33338,2023-03-11,2023-03-18,2023-04-08,7,21,N,label-line-3,normal,smooth
PRD-00033,SHP-202304-01,3,지퍼단추사,W3MJW01NV,겨울,남성,울,재킷,네이비,33338,2023-03-14,2023-03-20,2023-04-08,6,19,N,zipper-line-4,normal,smooth
PRD-00034,SHP-202304-02,1,옷감사,W2WTO11BK,가을,여성,트윌,아우터,블랙,40067,2023-03-11,2023-03-23,2023-04-18,12,26,N,fabric-line-5,normal,smooth
PRD-00035,SHP-202304-02,2,케어라벨사,W2WTO11BK,가을,여성,트윌,아우터,블랙,40067,2023-03-24,2023-03-30,2023-04-18,6,19,N,label-line-6,normal,smooth
PRD-00036,SHP-202304-02,3,지퍼단추사,W2WTO11BK,가을,여성,트윌,아우터,블랙,40067,2023-03-16,2023-03-22,2023-04-18,6,27,N,zipper-line-1,normal,smooth
PRD-00037,SHP-202304-03,1,옷감사,W2MTC08RD,여름,여성,면,티셔츠,레드,36432,2023-03-17,2023-03-30,2023-04-27,13,28,N,fabric-line-2,normal,smooth
PRD-00038,SHP-202304-03,2,케어라벨사,W2MTC08RD,여름,여성,면,티셔츠,레드,36432,2023-03-29,2023-04-02,2023-04-27,4,25,N,label-line-3,normal,smooth
PRD-00039,SHP-202304-03,3,지퍼단추사,W2MTC08RD,여름,여성,면,티셔츠,레드,36432,2023-03-19,2023-03-27,2023-04-27,8,31,N,zipper-line-4,normal,smooth
PRD-00040,SHP-202305-01,1,옷감사,W1MTP05BE,봄,남성,폴리에스터,티셔츠,베이지,46048,2023-03-28,2023-04-11,2023-05-07,14,26,N,fabric-line-5,normal,smooth
PRD-00041,SHP-202305-01,2,케어라벨사,W1MTP05BE,봄,남성,폴리에스터,티셔츠,베이지,46048,2023-04-07,2023-04-13,2023-05-07,6,24,N,label-line-6,normal,smooth
PRD-00042,SHP-202305-01,3,지퍼단추사,W1MTP05BE,봄,남성,폴리에스터,티셔츠,베이지,46048,2023-04-01,2023-04-10,2023-05-07,9,27,N,zipper-line-1,normal,smooth
PRD-00043,SHP-202305-02,1,옷감사,W2WTL06WH,봄,여성,리넨,티셔츠,화이트,43815,2023-04-11,2023-04-24,2023-05-15,13,21,N,fabric-line-2,normal,smooth
PRD-00044,SHP-202305-02,2,케어라벨사,W2WTL06WH,봄,여성,리넨,티셔츠,화이트,43815,2023-04-13,2023-04-19,2023-05-15,6,26,N,label-line-3,normal,smooth
PRD-00045,SHP-202305-02,3,지퍼단추사,W2WTL06WH,봄,여성,리넨,티셔츠,화이트,43815,2023-04-20,2023-04-26,2023-05-15,6,19,N,zipper-line-4,normal,smooth
PRD-00046,SHP-202305-03,1,옷감사,W2MPL09NV,가을,남성,폴리에스터,팬츠,네이비,36852,2023-04-21,2023-05-04,2023-05-23,13,19,N,fabric-line-5,normal,smooth
PRD-00047,SHP-202305-03,2,케어라벨사,W2MPL09NV,가을,남성,폴리에스터,팬츠,네이비,36852,2023-04-24,2023-04-30,2023-05-23,6,23,N,label-line-6,normal,smooth
PRD-00048,SHP-202305-03,3,지퍼단추사,W2MPL09NV,가을,남성,폴리에스터,팬츠,네이비,36852,2023-04-22,2023-04-28,2023-05-23,6,25,N,zipper-line-1,normal,smooth
PRD-00049,SHP-202305-04,1,옷감사,W2WPM10GY,겨울,여성,울,코트,그레이,47843,2023-04-26,2023-05-09,2023-05-28,13,19,N,fabric-line-2,normal,smooth
PRD-00050,SHP-202305-04,2,케어라벨사,W2WPM10GY,겨울,여성,울,코트,그레이,47843,2023-04-25,2023-05-02,2023-05-28,7,26,N,label-line-3,normal,smooth
PRD-00051,SHP-202305-04,3,지퍼단추사,W2WPM10GY,겨울,여성,울,코트,그레이,47843,2023-05-02,2023-05-10,2023-05-28,8,18,N,zipper-line-4,normal,smooth
PRD-00052,SHP-202306-01,1,옷감사,W2WTO11BK,가을,여성,트윌,아우터,블랙,38200,2023-05-06,2023-05-18,2023-06-08,12,21,N,fabric-line-5,normal,smooth
PRD-00053,SHP-202306-01,2,케어라벨사,W2WTO11BK,가을,여성,트윌,아우터,블랙,38200,2023-05-17,2023-05-21,2023-06-08,4,18,N,label-line-6,normal,smooth
PRD-00054,SHP-202306-01,3,지퍼단추사,W2WTO11BK,가을,여성,트윌,아우터,블랙,38200,2023-05-05,2023-05-13,2023-06-08,8,26,N,zipper-line-1,normal,smooth
PRD-00055,SHP-202306-02,1,옷감사,W2MTC08RD,여름,여성,면,티셔츠,레드,45776,2023-05-11,2023-05-22,2023-06-18,11,27,N,fabric-line-2,normal,smooth
PRD-00056,SHP-202306-02,2,케어라벨사,W2MTC08RD,여름,여성,면,티셔츠,레드,45776,2023-05-21,2023-05-25,2023-06-18,4,24,N,label-line-3,normal,smooth
PRD-00057,SHP-202306-02,3,지퍼단추사,W2MTC08RD,여름,여성,면,티셔츠,레드,45776,2023-05-15,2023-05-22,2023-06-18,7,27,N,zipper-line-4,normal,smooth
PRD-00058,SHP-202306-03,1,옷감사,W2WPL07BE,여름,여성,폴리에스터,팬츠,베이지,44309,2023-05-13,2023-05-27,2023-06-27,14,31,N,fabric-line-5,normal,smooth
PRD-00059,SHP-202306-03,2,케어라벨사,W2WPL07BE,여름,여성,폴리에스터,팬츠,베이지,44309,2023-05-30,2023-06-06,2023-06-27,7,21,N,label-line-6,normal,smooth
PRD-00060,SHP-202306-03,3,지퍼단추사,W2WPL07BE,여름,여성,폴리에스터,팬츠,베이지,44309,2023-05-26,2023-06-01,2023-06-27,6,26,N,zipper-line-1,normal,smooth
PRD-00061,SHP-202307-01,1,옷감사,W2WTL06WH,봄,여성,리넨,티셔츠,화이트,44065,2023-05-31,2023-06-14,2023-07-08,14,24,N,fabric-line-2,normal,smooth
PRD-00062,SHP-202307-01,2,케어라벨사,W2WTL06WH,봄,여성,리넨,티셔츠,화이트,44065,2023-06-13,2023-06-19,2023-07-08,6,19,N,label-line-3,normal,smooth
PRD-00063,SHP-202307-01,3,지퍼단추사,W2WTL06WH,봄,여성,리넨,티셔츠,화이트,44065,2023-06-05,2023-06-14,2023-07-08,9,24,N,zipper-line-4,normal,smooth
PRD-00064,SHP-202307-02,1,옷감사,W2MPL09NV,가을,남성,폴리에스터,팬츠,네이비,40372,2023-06-08,2023-06-19,2023-07-18,11,29,N,fabric-line-5,normal,smooth
PRD-00065,SHP-202307-02,2,케어라벨사,W2MPL09NV,가을,남성,폴리에스터,팬츠,네이비,40372,2023-06-19,2023-06-23,2023-07-18,4,25,N,label-line-6,normal,smooth
PRD-00066,SHP-202307-02,3,지퍼단추사,W2MPL09NV,가을,남성,폴리에스터,팬츠,네이비,40372,2023-06-20,2023-06-29,2023-07-18,9,19,N,zipper-line-1,normal,smooth
PRD-00067,SHP-202307-03,1,옷감사,W2WPM10GY,겨울,여성,울,코트,그레이,40322,2023-06-14,2023-06-26,2023-07-27,12,31,N,fabric-line-2,normal,smooth
PRD-00068,SHP-202307-03,2,케어라벨사,W2WPM10GY,겨울,여성,울,코트,그레이,40322,2023-07-02,2023-07-06,2023-07-27,4,21,N,label-line-3,normal,smooth
PRD-00069,SHP-202307-03,3,지퍼단추사,W2WPM10GY,겨울,여성,울,코트,그레이,40322,2023-06-29,2023-07-07,2023-07-27,8,20,N,zipper-line-4,normal,smooth
PRD-00070,SHP-202308-01,1,옷감사,W2WTO11BK,가을,여성,트윌,아우터,블랙,40618,2023-06-29,2023-07-13,2023-08-07,14,25,N,fabric-line-5,normal,smooth
PRD-00071,SHP-202308-01,2,케어라벨사,W2WTO11BK,가을,여성,트윌,아우터,블랙,40618,2023-07-06,2023-07-11,2023-08-07,5,27,N,label-line-6,normal,smooth
PRD-00072,SHP-202308-01,3,지퍼단추사,W2WTO11BK,가을,여성,트윌,아우터,블랙,40618,2023-07-02,2023-07-11,2023-08-07,9,27,N,zipper-line-1,normal,smooth
PRD-00073,SHP-202308-02,1,옷감사,W2MTC08RD,여름,여성,면,티셔츠,레드,36274,2023-07-06,2023-07-20,2023-08-15,14,26,N,fabric-line-2,normal,smooth
PRD-00074,SHP-202308-02,2,케어라벨사,W2MTC08RD,여름,여성,면,티셔츠,레드,36274,2023-07-23,2023-07-28,2023-08-15,5,18,N,label-line-3,normal,smooth
PRD-00075,SHP-202308-02,3,지퍼단추사,W2MTC08RD,여름,여성,면,티셔츠,레드,36274,2023-07-11,2023-07-18,2023-08-15,7,28,N,zipper-line-4,normal,smooth
PRD-00076,SHP-202308-03,1,옷감사,W2WPL07BE,여름,여성,폴리에스터,팬츠,베이지,40444,2023-07-20,2023-08-01,2023-08-23,12,22,N,fabric-line-5,normal,smooth
PRD-00077,SHP-202308-03,2,케어라벨사,W2WPL07BE,여름,여성,폴리에스터,팬츠,베이지,40444,2023-07-25,2023-08-01,2023-08-23,7,22,N,label-line-6,normal,smooth
PRD-00078,SHP-202308-03,3,지퍼단추사,W2WPL07BE,여름,여성,폴리에스터,팬츠,베이지,40444,2023-07-22,2023-07-28,2023-08-23,6,26,N,zipper-line-1,normal,smooth
PRD-00079,SHP-202308-04,1,옷감사,W1MTP05BE,봄,남성,폴리에스터,티셔츠,베이지,33339,2023-07-20,2023-08-02,2023-08-28,13,26,N,fabric-line-2,normal,smooth
PRD-00080,SHP-202308-04,2,케어라벨사,W1MTP05BE,봄,남성,폴리에스터,티셔츠,베이지,33339,2023-07-25,2023-07-30,2023-08-28,5,29,N,label-line-3,normal,smooth
PRD-00081,SHP-202308-04,3,지퍼단추사,W1MTP05BE,봄,남성,폴리에스터,티셔츠,베이지,33339,2023-07-26,2023-08-02,2023-08-28,7,26,N,zipper-line-4,normal,smooth
PRD-00082,SHP-202309-01,1,옷감사,W2MPL09NV,가을,남성,폴리에스터,팬츠,네이비,33727,2023-07-29,2023-08-12,2023-09-08,14,27,N,fabric-line-5,normal,smooth
PRD-00083,SHP-202309-01,2,케어라벨사,W2MPL09NV,가을,남성,폴리에스터,팬츠,네이비,33727,2023-08-16,2023-08-20,2023-09-08,4,19,N,label-line-6,normal,smooth
PRD-00084,SHP-202309-01,3,지퍼단추사,W2MPL09NV,가을,남성,폴리에스터,팬츠,네이비,33727,2023-07-31,2023-08-09,2023-09-08,9,30,N,zipper-line-1,normal,smooth
PRD-00085,SHP-202309-02,1,옷감사,W2WPM10GY,겨울,여성,울,코트,그레이,34189,2023-08-08,2023-08-21,2023-09-18,13,28,N,fabric-line-2,normal,smooth
PRD-00086,SHP-202309-02,2,케어라벨사,W2WPM10GY,겨울,여성,울,코트,그레이,34189,2023-08-26,2023-08-30,2023-09-18,4,19,N,label-line-3,normal,smooth
PRD-00087,SHP-202309-02,3,지퍼단추사,W2WPM10GY,겨울,여성,울,코트,그레이,34189,2023-08-12,2023-08-20,2023-09-18,8,29,N,zipper-line-4,normal,smooth
PRD-00088,SHP-202309-03,1,옷감사,W3MJW01NV,겨울,남성,울,재킷,네이비,40877,2023-08-16,2023-08-28,2023-09-27,12,30,N,fabric-line-5,normal,smooth
PRD-00089,SHP-202309-03,2,케어라벨사,W3MJW01NV,겨울,남성,울,재킷,네이비,40877,2023-08-27,2023-08-31,2023-09-27,4,27,N,label-line-6,normal,smooth
PRD-00090,SHP-202309-03,3,지퍼단추사,W3MJW01NV,겨울,남성,울,재킷,네이비,40877,2023-08-30,2023-09-05,2023-09-27,6,22,N,zipper-line-1,normal,smooth
PRD-00091,SHP-202310-01,1,옷감사,W2MTC08RD,여름,여성,면,티셔츠,레드,38225,2023-09-06,2023-09-18,2023-10-08,12,20,N,fabric-line-2,normal,smooth
PRD-00092,SHP-202310-01,2,케어라벨사,W2MTC08RD,여름,여성,면,티셔츠,레드,38225,2023-09-15,2023-09-20,2023-10-08,5,18,N,label-line-3,normal,smooth
PRD-00093,SHP-202310-01,3,지퍼단추사,W2MTC08RD,여름,여성,면,티셔츠,레드,38225,2023-08-31,2023-09-09,2023-10-08,9,29,N,zipper-line-4,normal,smooth
PRD-00094,SHP-202310-02,1,옷감사,W2WPL07BE,여름,여성,폴리에스터,팬츠,베이지,40571,2023-09-12,2023-09-23,2023-10-18,11,25,N,fabric-line-5,normal,smooth
PRD-00095,SHP-202310-02,2,케어라벨사,W2WPL07BE,여름,여성,폴리에스터,팬츠,베이지,40571,2023-09-22,2023-09-28,2023-10-18,6,20,N,label-line-6,normal,smooth
PRD-00096,SHP-202310-02,3,지퍼단추사,W2WPL07BE,여름,여성,폴리에스터,팬츠,베이지,40571,2023-09-16,2023-09-24,2023-10-18,8,24,N,zipper-line-1,normal,smooth
PRD-00097,SHP-202310-03,1,옷감사,W1MTP05BE,봄,남성,폴리에스터,티셔츠,베이지,37921,2023-09-17,2023-09-29,2023-10-27,12,28,N,fabric-line-2,normal,smooth
PRD-00098,SHP-202310-03,2,케어라벨사,W1MTP05BE,봄,남성,폴리에스터,티셔츠,베이지,37921,2023-09-27,2023-10-01,2023-10-27,4,26,N,label-line-3,normal,smooth
PRD-00099,SHP-202310-03,3,지퍼단추사,W1MTP05BE,봄,남성,폴리에스터,티셔츠,베이지,37921,2023-09-21,2023-09-28,2023-10-27,7,29,N,zipper-line-4,normal,smooth
PRD-00100,SHP-202311-01,1,옷감사,W2MPL09NV,가을,남성,폴리에스터,팬츠,네이비,42633,2023-10-07,2023-10-20,2023-11-07,13,18,N,fabric-line-5,normal,smooth
PRD-00101,SHP-202311-01,2,케어라벨사,W2MPL09NV,가을,남성,폴리에스터,팬츠,네이비,42633,2023-10-09,2023-10-15,2023-11-07,6,23,N,label-line-6,normal,smooth
PRD-00102,SHP-202311-01,3,지퍼단추사,W2MPL09NV,가을,남성,폴리에스터,팬츠,네이비,42633,2023-10-08,2023-10-14,2023-11-07,6,24,N,zipper-line-1,normal,smooth
PRD-00103,SHP-202311-02,1,옷감사,W2WPM10GY,겨울,여성,울,코트,그레이,36005,2023-10-05,2023-10-17,2023-11-15,12,29,N,fabric-line-2,normal,smooth
PRD-00104,SHP-202311-02,2,케어라벨사,W2WPM10GY,겨울,여성,울,코트,그레이,36005,2023-10-16,2023-10-20,2023-11-15,4,26,N,label-line-3,normal,smooth
PRD-00105,SHP-202311-02,3,지퍼단추사,W2WPM10GY,겨울,여성,울,코트,그레이,36005,2023-10-20,2023-10-27,2023-11-15,7,19,N,zipper-line-4,normal,smooth
PRD-00106,SHP-202311-03,1,옷감사,W3MJW01NV,겨울,남성,울,재킷,네이비,40328,2023-10-15,2023-10-28,2023-11-23,13,26,N,fabric-line-5,normal,smooth
PRD-00107,SHP-202311-03,2,케어라벨사,W3MJW01NV,겨울,남성,울,재킷,네이비,40328,2023-10-21,2023-10-25,2023-11-23,4,29,N,label-line-6,normal,smooth
PRD-00108,SHP-202311-03,3,지퍼단추사,W3MJW01NV,겨울,남성,울,재킷,네이비,40328,2023-10-17,2023-10-26,2023-11-23,9,28,N,zipper-line-1,normal,smooth
PRD-00109,SHP-202311-04,1,옷감사,W2WTO11BK,가을,여성,트윌,아우터,블랙,43514,2023-10-26,2023-11-08,2023-11-28,13,20,N,fabric-line-2,normal,smooth
PRD-00110,SHP-202311-04,2,케어라벨사,W2WTO11BK,가을,여성,트윌,아우터,블랙,43514,2023-10-30,2023-11-04,2023-11-28,5,24,N,label-line-3,normal,smooth
PRD-00111,SHP-202311-04,3,지퍼단추사,W2WTO11BK,가을,여성,트윌,아우터,블랙,43514,2023-10-28,2023-11-06,2023-11-28,9,22,N,zipper-line-4,normal,smooth
PRD-00112,SHP-202312-01,1,옷감사,W2WPL07BE,여름,여성,폴리에스터,팬츠,베이지,36519,2023-10-27,2023-11-08,2023-12-08,12,30,N,fabric-line-5,normal,smooth
PRD-00113,SHP-202312-01,2,케어라벨사,W2WPL07BE,여름,여성,폴리에스터,팬츠,베이지,36519,2023-11-10,2023-11-16,2023-12-08,6,22,N,label-line-6,normal,smooth
PRD-00114,SHP-202312-01,3,지퍼단추사,W2WPL07BE,여름,여성,폴리에스터,팬츠,베이지,36519,2023-10-29,2023-11-07,2023-12-08,9,31,N,zipper-line-1,normal,smooth
PRD-00115,SHP-202312-02,1,옷감사,W1MTP05BE,봄,남성,폴리에스터,티셔츠,베이지,40567,2023-11-07,2023-11-21,2023-12-18,14,27,N,fabric-line-2,normal,smooth
PRD-00116,SHP-202312-02,2,케어라벨사,W1MTP05BE,봄,남성,폴리에스터,티셔츠,베이지,40567,2023-11-13,2023-11-17,2023-12-18,4,31,N,label-line-3,normal,smooth
PRD-00117,SHP-202312-02,3,지퍼단추사,W1MTP05BE,봄,남성,폴리에스터,티셔츠,베이지,40567,2023-11-17,2023-11-25,2023-12-18,8,23,N,zipper-line-4,normal,smooth
PRD-00118,SHP-202312-03,1,옷감사,W2WTL06WH,봄,여성,리넨,티셔츠,화이트,38471,2023-11-24,2023-12-08,2023-12-27,14,19,N,fabric-line-5,normal,smooth
PRD-00119,SHP-202312-03,2,케어라벨사,W2WTL06WH,봄,여성,리넨,티셔츠,화이트,38471,2023-11-26,2023-12-03,2023-12-27,7,24,N,label-line-6,normal,smooth
PRD-00120,SHP-202312-03,3,지퍼단추사,W2WTL06WH,봄,여성,리넨,티셔츠,화이트,38471,2023-11-22,2023-12-01,2023-12-27,9,26,N,zipper-line-1,normal,smooth
PRD-00121,SHP-202401-01,1,옷감사,W1MTP05BE,봄,남성,폴리에스터,티셔츠,베이지,30721,2023-12-02,2023-12-15,2024-01-08,13,24,N,fabric-line-2,normal,smooth
PRD-00122,SHP-202401-01,2,케어라벨사,W1MTP05BE,봄,남성,폴리에스터,티셔츠,베이지,30721,2023-12-10,2023-12-14,2024-01-08,4,25,N,label-line-3,normal,smooth
PRD-00123,SHP-202401-01,3,지퍼단추사,W1MTP05BE,봄,남성,폴리에스터,티셔츠,베이지,30721,2023-12-06,2023-12-13,2024-01-08,7,26,N,zipper-line-4,normal,smooth
PRD-00124,SHP-202401-02,1,옷감사,W2WTL06WH,봄,여성,리넨,티셔츠,화이트,36547,2023-12-14,2023-12-27,2024-01-18,13,22,N,fabric-line-5,normal,smooth
PRD-00125,SHP-202401-02,2,케어라벨사,W2WTL06WH,봄,여성,리넨,티셔츠,화이트,36547,2023-12-16,2023-12-23,2024-01-18,7,26,N,label-line-6,normal,smooth
PRD-00126,SHP-202401-02,3,지퍼단추사,W2WTL06WH,봄,여성,리넨,티셔츠,화이트,36547,2023-12-17,2023-12-25,2024-01-18,8,24,N,zipper-line-1,normal,smooth
PRD-00127,SHP-202401-03,1,옷감사,W2MPL09NV,가을,남성,폴리에스터,팬츠,네이비,29048,2023-12-21,2024-01-01,2024-01-27,11,26,N,fabric-line-2,normal,smooth
PRD-00128,SHP-202401-03,2,케어라벨사,W2MPL09NV,가을,남성,폴리에스터,팬츠,네이비,29048,2023-12-25,2023-12-30,2024-01-27,5,28,N,label-line-3,normal,smooth
PRD-00129,SHP-202401-03,3,지퍼단추사,W2MPL09NV,가을,남성,폴리에스터,팬츠,네이비,29048,2023-12-21,2023-12-27,2024-01-27,6,31,N,zipper-line-4,normal,smooth
PRD-00130,SHP-202402-01,1,옷감사,W3MJW01NV,겨울,남성,울,재킷,네이비,33478,2023-12-27,2024-01-10,2024-02-07,14,28,N,fabric-line-5,normal,smooth
PRD-00131,SHP-202402-01,2,케어라벨사,W3MJW01NV,겨울,남성,울,재킷,네이비,33478,2024-01-03,2024-01-07,2024-02-07,4,31,N,label-line-6,normal,smooth
PRD-00132,SHP-202402-01,3,지퍼단추사,W3MJW01NV,겨울,남성,울,재킷,네이비,33478,2024-01-04,2024-01-13,2024-02-07,9,25,N,zipper-line-1,normal,smooth
PRD-00133,SHP-202402-02,1,옷감사,W2WTO11BK,가을,여성,트윌,아우터,블랙,32558,2024-01-02,2024-01-16,2024-02-15,14,30,N,fabric-line-2,normal,smooth
PRD-00134,SHP-202402-02,2,케어라벨사,W2WTO11BK,가을,여성,트윌,아우터,블랙,32558,2024-01-20,2024-01-26,2024-02-15,6,20,N,label-line-3,normal,smooth
PRD-00135,SHP-202402-02,3,지퍼단추사,W2WTO11BK,가을,여성,트윌,아우터,블랙,32558,2024-01-20,2024-01-27,2024-02-15,7,19,N,zipper-line-4,normal,smooth
PRD-00136,SHP-202402-03,1,옷감사,W2MTC08RD,여름,여성,면,티셔츠,레드,28783,2024-01-15,2024-01-26,2024-02-23,11,28,N,fabric-line-5,normal,smooth
PRD-00137,SHP-202402-03,2,케어라벨사,W2MTC08RD,여름,여성,면,티셔츠,레드,28783,2024-01-23,2024-01-29,2024-02-23,6,25,N,label-line-6,normal,smooth
PRD-00138,SHP-202402-03,3,지퍼단추사,W2MTC08RD,여름,여성,면,티셔츠,레드,28783,2024-01-19,2024-01-27,2024-02-23,8,27,N,zipper-line-1,normal,smooth
PRD-00139,SHP-202402-04,1,옷감사,W2WPL07BE,여름,여성,폴리에스터,팬츠,베이지,32185,2024-01-16,2024-01-30,2024-02-28,14,29,N,fabric-line-2,normal,smooth
PRD-00140,SHP-202402-04,2,케어라벨사,W2WPL07BE,여름,여성,폴리에스터,팬츠,베이지,32185,2024-01-28,2024-02-04,2024-02-28,7,24,N,label-line-3,normal,smooth
PRD-00141,SHP-202402-04,3,지퍼단추사,W2WPL07BE,여름,여성,폴리에스터,팬츠,베이지,32185,2024-01-31,2024-02-06,2024-02-28,6,22,N,zipper-line-4,normal,smooth
PRD-00142,SHP-202403-01,1,옷감사,W2WTL06WH,봄,여성,리넨,티셔츠,화이트,40820,2024-01-31,2024-02-14,2024-03-08,14,23,N,fabric-line-5,normal,smooth
PRD-00143,SHP-202403-01,2,케어라벨사,W2WTL06WH,봄,여성,리넨,티셔츠,화이트,40820,2024-02-07,2024-02-14,2024-03-08,7,23,N,label-line-6,normal,smooth
PRD-00144,SHP-202403-01,3,지퍼단추사,W2WTL06WH,봄,여성,리넨,티셔츠,화이트,40820,2024-02-08,2024-02-16,2024-03-08,8,21,N,zipper-line-1,normal,smooth
PRD-00145,SHP-202403-02,1,옷감사,W2MPL09NV,가을,남성,폴리에스터,팬츠,네이비,35319,2024-02-09,2024-02-20,2024-03-18,11,27,N,fabric-line-2,normal,smooth
PRD-00146,SHP-202403-02,2,케어라벨사,W2MPL09NV,가을,남성,폴리에스터,팬츠,네이비,35319,2024-02-16,2024-02-21,2024-03-18,5,26,N,label-line-3,normal,smooth
PRD-00147,SHP-202403-02,3,지퍼단추사,W2MPL09NV,가을,남성,폴리에스터,팬츠,네이비,35319,2024-02-16,2024-02-25,2024-03-18,9,22,N,zipper-line-4,normal,smooth
PRD-00148,SHP-202403-03,1,옷감사,W2WPM10GY,겨울,여성,울,코트,그레이,39392,2024-02-20,2024-03-04,2024-03-27,13,23,N,fabric-line-5,normal,smooth
PRD-00149,SHP-202403-03,2,케어라벨사,W2WPM10GY,겨울,여성,울,코트,그레이,39392,2024-02-18,2024-02-25,2024-03-27,7,31,N,label-line-6,normal,smooth
PRD-00150,SHP-202403-03,3,지퍼단추사,W2WPM10GY,겨울,여성,울,코트,그레이,39392,2024-02-27,2024-03-07,2024-03-27,9,20,N,zipper-line-1,normal,smooth
PRD-00151,SHP-202404-01,1,옷감사,W2WTO11BK,가을,여성,트윌,아우터,블랙,40231,2024-03-05,2024-03-17,2024-04-08,12,22,N,fabric-line-2,normal,smooth
PRD-00152,SHP-202404-01,2,케어라벨사,W2WTO11BK,가을,여성,트윌,아우터,블랙,40231,2024-03-11,2024-03-15,2024-04-08,4,24,N,label-line-3,normal,smooth
PRD-00153,SHP-202404-01,3,지퍼단추사,W2WTO11BK,가을,여성,트윌,아우터,블랙,40231,2024-02-29,2024-03-09,2024-04-08,9,30,N,zipper-line-4,normal,smooth
PRD-00154,SHP-202404-02,1,옷감사,W2MTC08RD,여름,여성,면,티셔츠,레드,33985,2024-03-14,2024-03-27,2024-04-18,13,22,N,fabric-line-5,normal,smooth
PRD-00155,SHP-202404-02,2,케어라벨사,W2MTC08RD,여름,여성,면,티셔츠,레드,33985,2024-03-22,2024-03-28,2024-04-18,6,21,N,label-line-6,normal,smooth
PRD-00156,SHP-202404-02,3,지퍼단추사,W2MTC08RD,여름,여성,면,티셔츠,레드,33985,2024-03-09,2024-03-18,2024-04-18,9,31,N,zipper-line-1,normal,smooth
PRD-00157,SHP-202404-03,1,옷감사,W2WPL07BE,여름,여성,폴리에스터,팬츠,베이지,34576,2024-03-20,2024-04-01,2024-04-27,12,26,N,fabric-line-2,normal,smooth
PRD-00158,SHP-202404-03,2,케어라벨사,W2WPL07BE,여름,여성,폴리에스터,팬츠,베이지,34576,2024-03-31,2024-04-04,2024-04-27,4,23,N,label-line-3,normal,smooth
PRD-00159,SHP-202404-03,3,지퍼단추사,W2WPL07BE,여름,여성,폴리에스터,팬츠,베이지,34576,2024-03-23,2024-03-29,2024-04-27,6,29,N,zipper-line-4,normal,smooth
PRD-00160,SHP-202405-01,1,옷감사,W2WTL06WH,봄,여성,리넨,티셔츠,화이트,36319,2024-03-28,2024-04-11,2024-05-07,14,26,N,fabric-line-5,normal,smooth
PRD-00161,SHP-202405-01,2,케어라벨사,W2WTL06WH,봄,여성,리넨,티셔츠,화이트,36319,2024-04-05,2024-04-11,2024-05-07,6,26,N,label-line-6,normal,smooth
PRD-00162,SHP-202405-01,3,지퍼단추사,W2WTL06WH,봄,여성,리넨,티셔츠,화이트,36319,2024-04-08,2024-04-14,2024-05-07,6,23,N,zipper-line-1,normal,smooth
PRD-00163,SHP-202405-02,1,옷감사,W2MPL09NV,가을,남성,폴리에스터,팬츠,네이비,41695,2024-04-12,2024-04-25,2024-05-15,13,20,N,fabric-line-2,normal,smooth
PRD-00164,SHP-202405-02,2,케어라벨사,W2MPL09NV,가을,남성,폴리에스터,팬츠,네이비,41695,2024-04-11,2024-04-18,2024-05-15,7,27,N,label-line-3,normal,smooth
PRD-00165,SHP-202405-02,3,지퍼단추사,W2MPL09NV,가을,남성,폴리에스터,팬츠,네이비,41695,2024-04-12,2024-04-20,2024-05-15,8,25,N,zipper-line-4,normal,smooth
PRD-00166,SHP-202405-03,1,옷감사,W2WPM10GY,겨울,여성,울,코트,그레이,38688,2024-04-14,2024-04-27,2024-05-23,13,26,N,fabric-line-5,normal,smooth
PRD-00167,SHP-202405-03,2,케어라벨사,W2WPM10GY,겨울,여성,울,코트,그레이,38688,2024-04-22,2024-04-28,2024-05-23,6,25,N,label-line-6,normal,smooth
PRD-00168,SHP-202405-03,3,지퍼단추사,W2WPM10GY,겨울,여성,울,코트,그레이,38688,2024-04-26,2024-05-02,2024-05-23,6,21,N,zipper-line-1,normal,smooth
PRD-00169,SHP-202405-04,1,옷감사,W3MJW01NV,겨울,남성,울,재킷,네이비,37011,2024-04-17,2024-04-28,2024-05-28,11,30,N,fabric-line-2,normal,smooth
PRD-00170,SHP-202405-04,2,케어라벨사,W3MJW01NV,겨울,남성,울,재킷,네이비,37011,2024-04-22,2024-04-28,2024-05-28,6,30,N,label-line-3,normal,smooth
PRD-00171,SHP-202405-04,3,지퍼단추사,W3MJW01NV,겨울,남성,울,재킷,네이비,37011,2024-04-22,2024-05-01,2024-05-28,9,27,N,zipper-line-4,normal,smooth
PRD-00172,SHP-202406-01,1,옷감사,W2MTC08RD,여름,여성,면,티셔츠,레드,38917,2024-04-25,2024-05-09,2024-06-08,14,30,N,fabric-line-5,normal,smooth
PRD-00173,SHP-202406-01,2,케어라벨사,W2MTC08RD,여름,여성,면,티셔츠,레드,38917,2024-05-04,2024-05-08,2024-06-08,4,31,N,label-line-6,normal,smooth
PRD-00174,SHP-202406-01,3,지퍼단추사,W2MTC08RD,여름,여성,면,티셔츠,레드,38917,2024-05-15,2024-05-21,2024-06-08,6,18,N,zipper-line-1,normal,smooth
PRD-00175,SHP-202406-02,1,옷감사,W2WPL07BE,여름,여성,폴리에스터,팬츠,베이지,41760,2024-05-12,2024-05-24,2024-06-18,12,25,N,fabric-line-2,normal,smooth
PRD-00176,SHP-202406-02,2,케어라벨사,W2WPL07BE,여름,여성,폴리에스터,팬츠,베이지,41760,2024-05-20,2024-05-24,2024-06-18,4,25,N,label-line-3,normal,smooth
PRD-00177,SHP-202406-02,3,지퍼단추사,W2WPL07BE,여름,여성,폴리에스터,팬츠,베이지,41760,2024-05-18,2024-05-26,2024-06-18,8,23,N,zipper-line-4,normal,smooth
PRD-00178,SHP-202406-03,1,옷감사,W1MTP05BE,봄,남성,폴리에스터,티셔츠,베이지,47250,2024-05-20,2024-06-01,2024-06-27,12,26,N,fabric-line-5,normal,smooth
PRD-00179,SHP-202406-03,2,케어라벨사,W1MTP05BE,봄,남성,폴리에스터,티셔츠,베이지,47250,2024-05-26,2024-06-02,2024-06-27,7,25,N,label-line-6,normal,smooth
PRD-00180,SHP-202406-03,3,지퍼단추사,W1MTP05BE,봄,남성,폴리에스터,티셔츠,베이지,47250,2024-05-19,2024-05-28,2024-06-27,9,30,N,zipper-line-1,normal,smooth
PRD-00181,SHP-202407-01,1,옷감사,W2MPL09NV,가을,남성,폴리에스터,팬츠,네이비,44339,2024-05-28,2024-06-09,2024-07-08,12,29,N,fabric-line-2,normal,smooth
PRD-00182,SHP-202407-01,2,케어라벨사,W2MPL09NV,가을,남성,폴리에스터,팬츠,네이비,44339,2024-06-10,2024-06-16,2024-07-08,6,22,N,label-line-3,normal,smooth
PRD-00183,SHP-202407-01,3,지퍼단추사,W2MPL09NV,가을,남성,폴리에스터,팬츠,네이비,44339,2024-06-05,2024-06-14,2024-07-08,9,24,N,zipper-line-4,normal,smooth
PRD-00184,SHP-202407-02,1,옷감사,W2WPM10GY,겨울,여성,울,코트,그레이,39606,2024-06-17,2024-06-28,2024-07-18,11,20,N,fabric-line-5,normal,smooth
PRD-00185,SHP-202407-02,2,케어라벨사,W2WPM10GY,겨울,여성,울,코트,그레이,39606,2024-06-11,2024-06-17,2024-07-18,6,31,N,label-line-6,normal,smooth
PRD-00186,SHP-202407-02,3,지퍼단추사,W2WPM10GY,겨울,여성,울,코트,그레이,39606,2024-06-19,2024-06-27,2024-07-18,8,21,N,zipper-line-1,normal,smooth
PRD-00187,SHP-202407-03,1,옷감사,W3MJW01NV,겨울,남성,울,재킷,네이비,41746,2024-06-20,2024-07-01,2024-07-27,11,26,N,fabric-line-2,normal,smooth
PRD-00188,SHP-202407-03,2,케어라벨사,W3MJW01NV,겨울,남성,울,재킷,네이비,41746,2024-06-29,2024-07-03,2024-07-27,4,24,N,label-line-3,normal,smooth
PRD-00189,SHP-202407-03,3,지퍼단추사,W3MJW01NV,겨울,남성,울,재킷,네이비,41746,2024-06-25,2024-07-03,2024-07-27,8,24,N,zipper-line-4,normal,smooth
PRD-00190,SHP-202408-01,1,옷감사,W2MTC08RD,여름,여성,면,티셔츠,레드,32515,2024-06-23,2024-07-07,2024-08-07,14,31,N,fabric-line-5,normal,smooth
PRD-00191,SHP-202408-01,2,케어라벨사,W2MTC08RD,여름,여성,면,티셔츠,레드,32515,2024-07-09,2024-07-13,2024-08-07,4,25,N,label-line-6,normal,smooth
PRD-00192,SHP-202408-01,3,지퍼단추사,W2MTC08RD,여름,여성,면,티셔츠,레드,32515,2024-07-04,2024-07-11,2024-08-07,7,27,N,zipper-line-1,normal,smooth
PRD-00193,SHP-202408-02,1,옷감사,W2WPL07BE,여름,여성,폴리에스터,팬츠,베이지,30958,2024-07-07,2024-07-18,2024-08-15,11,28,N,fabric-line-2,normal,smooth
PRD-00194,SHP-202408-02,2,케어라벨사,W2WPL07BE,여름,여성,폴리에스터,팬츠,베이지,30958,2024-07-09,2024-07-15,2024-08-15,6,31,N,label-line-3,normal,smooth
PRD-00195,SHP-202408-02,3,지퍼단추사,W2WPL07BE,여름,여성,폴리에스터,팬츠,베이지,30958,2024-07-18,2024-07-24,2024-08-15,6,22,N,zipper-line-4,normal,smooth
PRD-00196,SHP-202408-03,1,옷감사,W1MTP05BE,봄,남성,폴리에스터,티셔츠,베이지,34634,2024-07-20,2024-08-02,2024-08-23,13,21,N,fabric-line-5,normal,smooth
PRD-00197,SHP-202408-03,2,케어라벨사,W1MTP05BE,봄,남성,폴리에스터,티셔츠,베이지,34634,2024-07-26,2024-08-01,2024-08-23,6,22,N,label-line-6,normal,smooth
PRD-00198,SHP-202408-03,3,지퍼단추사,W1MTP05BE,봄,남성,폴리에스터,티셔츠,베이지,34634,2024-07-17,2024-07-25,2024-08-23,8,29,N,zipper-line-1,normal,smooth
PRD-00199,SHP-202408-04,1,옷감사,W2WTL06WH,봄,여성,리넨,티셔츠,화이트,37234,2024-07-21,2024-08-03,2024-08-28,13,25,N,fabric-line-2,normal,smooth
PRD-00200,SHP-202408-04,2,케어라벨사,W2WTL06WH,봄,여성,리넨,티셔츠,화이트,37234,2024-07-27,2024-08-01,2024-08-28,5,27,N,label-line-3,normal,smooth
PRD-00201,SHP-202408-04,3,지퍼단추사,W2WTL06WH,봄,여성,리넨,티셔츠,화이트,37234,2024-08-01,2024-08-09,2024-08-28,8,19,N,zipper-line-4,normal,smooth
PRD-00202,SHP-202409-01,1,옷감사,W2WPM10GY,겨울,여성,울,코트,그레이,35779,2024-07-28,2024-08-09,2024-09-08,12,30,N,fabric-line-5,normal,smooth
PRD-00203,SHP-202409-01,2,케어라벨사,W2WPM10GY,겨울,여성,울,코트,그레이,35779,2024-08-08,2024-08-12,2024-09-08,4,27,N,label-line-6,normal,smooth
PRD-00204,SHP-202409-01,3,지퍼단추사,W2WPM10GY,겨울,여성,울,코트,그레이,35779,2024-08-13,2024-08-20,2024-09-08,7,19,N,zipper-line-1,normal,smooth
PRD-00205,SHP-202409-02,1,옷감사,W3MJW01NV,겨울,남성,울,재킷,네이비,33968,2024-08-04,2024-08-18,2024-09-18,14,31,N,fabric-line-2,normal,smooth
PRD-00206,SHP-202409-02,2,케어라벨사,W3MJW01NV,겨울,남성,울,재킷,네이비,33968,2024-08-16,2024-08-22,2024-09-18,6,27,N,label-line-3,normal,smooth
PRD-00207,SHP-202409-02,3,지퍼단추사,W3MJW01NV,겨울,남성,울,재킷,네이비,33968,2024-08-19,2024-08-26,2024-09-18,7,23,N,zipper-line-4,normal,smooth
PRD-00208,SHP-202409-03,1,옷감사,W2WTO11BK,가을,여성,트윌,아우터,블랙,34666,2024-08-14,2024-08-28,2024-09-27,14,30,N,fabric-line-5,normal,smooth
PRD-00209,SHP-202409-03,2,케어라벨사,W2WTO11BK,가을,여성,트윌,아우터,블랙,34666,2024-08-31,2024-09-05,2024-09-27,5,22,N,label-line-6,normal,smooth
PRD-00210,SHP-202409-03,3,지퍼단추사,W2WTO11BK,가을,여성,트윌,아우터,블랙,34666,2024-08-25,2024-09-01,2024-09-27,7,26,N,zipper-line-1,normal,smooth
PRD-00211,SHP-202410-01,1,옷감사,W2WPL07BE,여름,여성,폴리에스터,팬츠,베이지,45568,2024-08-25,2024-09-07,2024-10-08,13,31,N,fabric-line-2,normal,smooth
PRD-00212,SHP-202410-01,2,케어라벨사,W2WPL07BE,여름,여성,폴리에스터,팬츠,베이지,45568,2024-09-05,2024-09-11,2024-10-08,6,27,N,label-line-3,normal,smooth
PRD-00213,SHP-202410-01,3,지퍼단추사,W2WPL07BE,여름,여성,폴리에스터,팬츠,베이지,45568,2024-08-31,2024-09-09,2024-10-08,9,29,N,zipper-line-4,normal,smooth
PRD-00214,SHP-202410-02,1,옷감사,W1MTP05BE,봄,남성,폴리에스터,티셔츠,베이지,42614,2024-09-19,2024-09-30,2024-10-18,11,18,N,fabric-line-5,normal,smooth
PRD-00215,SHP-202410-02,2,케어라벨사,W1MTP05BE,봄,남성,폴리에스터,티셔츠,베이지,42614,2024-09-13,2024-09-18,2024-10-18,5,30,N,label-line-6,normal,smooth
PRD-00216,SHP-202410-02,3,지퍼단추사,W1MTP05BE,봄,남성,폴리에스터,티셔츠,베이지,42614,2024-09-12,2024-09-18,2024-10-18,6,30,N,zipper-line-1,normal,smooth
PRD-00217,SHP-202410-03,1,옷감사,W2WTL06WH,봄,여성,리넨,티셔츠,화이트,40772,2024-09-26,2024-10-09,2024-10-27,13,18,N,fabric-line-2,normal,smooth
PRD-00218,SHP-202410-03,2,케어라벨사,W2WTL06WH,봄,여성,리넨,티셔츠,화이트,40772,2024-09-24,2024-09-28,2024-10-27,4,29,N,label-line-3,normal,smooth
PRD-00219,SHP-202410-03,3,지퍼단추사,W2WTL06WH,봄,여성,리넨,티셔츠,화이트,40772,2024-09-22,2024-09-30,2024-10-27,8,27,N,zipper-line-4,normal,smooth
PRD-00220,SHP-202411-01,1,옷감사,W2WPM10GY,겨울,여성,울,코트,그레이,43352,2024-09-27,2024-10-11,2024-11-07,14,27,N,fabric-line-5,normal,smooth
PRD-00221,SHP-202411-01,2,케어라벨사,W2WPM10GY,겨울,여성,울,코트,그레이,43352,2024-10-10,2024-10-14,2024-11-07,4,24,N,label-line-6,normal,smooth
PRD-00222,SHP-202411-01,3,지퍼단추사,W2WPM10GY,겨울,여성,울,코트,그레이,43352,2024-10-07,2024-10-15,2024-11-07,8,23,N,zipper-line-1,normal,smooth
PRD-00223,SHP-202411-02,1,옷감사,W3MJW01NV,겨울,남성,울,재킷,네이비,42731,2024-10-09,2024-10-22,2024-11-15,13,24,N,fabric-line-2,normal,smooth
PRD-00224,SHP-202411-02,2,케어라벨사,W3MJW01NV,겨울,남성,울,재킷,네이비,42731,2024-10-14,2024-10-20,2024-11-15,6,26,N,label-line-3,normal,smooth
PRD-00225,SHP-202411-02,3,지퍼단추사,W3MJW01NV,겨울,남성,울,재킷,네이비,42731,2024-10-12,2024-10-18,2024-11-15,6,28,N,zipper-line-4,normal,smooth
PRD-00226,SHP-202411-03,1,옷감사,W2WTO11BK,가을,여성,트윌,아우터,블랙,39439,2024-10-15,2024-10-26,2024-11-23,11,28,N,fabric-line-5,normal,smooth
PRD-00227,SHP-202411-03,2,케어라벨사,W2WTO11BK,가을,여성,트윌,아우터,블랙,39439,2024-10-20,2024-10-27,2024-11-23,7,27,N,label-line-6,normal,smooth
PRD-00228,SHP-202411-03,3,지퍼단추사,W2WTO11BK,가을,여성,트윌,아우터,블랙,39439,2024-10-17,2024-10-24,2024-11-23,7,30,N,zipper-line-1,normal,smooth
PRD-00229,SHP-202411-04,1,옷감사,W2MTC08RD,여름,여성,면,티셔츠,레드,35593,2024-10-28,2024-11-08,2024-11-28,11,20,N,fabric-line-2,normal,smooth
PRD-00230,SHP-202411-04,2,케어라벨사,W2MTC08RD,여름,여성,면,티셔츠,레드,35593,2024-11-03,2024-11-09,2024-11-28,6,19,N,label-line-3,normal,smooth
PRD-00231,SHP-202411-04,3,지퍼단추사,W2MTC08RD,여름,여성,면,티셔츠,레드,35593,2024-10-25,2024-11-03,2024-11-28,9,25,N,zipper-line-4,normal,smooth
PRD-00232,SHP-202412-01,1,옷감사,W1MTP05BE,봄,남성,폴리에스터,티셔츠,베이지,43338,2024-11-05,2024-11-16,2024-12-08,11,22,N,fabric-line-5,normal,smooth
PRD-00233,SHP-202412-01,2,케어라벨사,W1MTP05BE,봄,남성,폴리에스터,티셔츠,베이지,43338,2024-11-05,2024-11-10,2024-12-08,5,28,N,label-line-6,normal,smooth
PRD-00234,SHP-202412-01,3,지퍼단추사,W1MTP05BE,봄,남성,폴리에스터,티셔츠,베이지,43338,2024-11-09,2024-11-15,2024-12-08,6,23,N,zipper-line-1,normal,smooth
PRD-00235,SHP-202412-02,1,옷감사,W2WTL06WH,봄,여성,리넨,티셔츠,화이트,38161,2024-11-12,2024-11-23,2024-12-18,11,25,N,fabric-line-2,normal,smooth
PRD-00236,SHP-202412-02,2,케어라벨사,W2WTL06WH,봄,여성,리넨,티셔츠,화이트,38161,2024-11-23,2024-11-28,2024-12-18,5,20,N,label-line-3,normal,smooth
PRD-00237,SHP-202412-02,3,지퍼단추사,W2WTL06WH,봄,여성,리넨,티셔츠,화이트,38161,2024-11-11,2024-11-20,2024-12-18,9,28,N,zipper-line-4,normal,smooth
PRD-00238,SHP-202412-03,1,옷감사,W2MPL09NV,가을,남성,폴리에스터,팬츠,네이비,37944,2024-11-25,2024-12-09,2024-12-27,14,18,N,fabric-line-5,normal,smooth
PRD-00239,SHP-202412-03,2,케어라벨사,W2MPL09NV,가을,남성,폴리에스터,팬츠,네이비,37944,2024-11-24,2024-11-28,2024-12-27,4,29,N,label-line-6,normal,smooth
PRD-00240,SHP-202412-03,3,지퍼단추사,W2MPL09NV,가을,남성,폴리에스터,팬츠,네이비,37944,2024-11-25,2024-12-04,2024-12-27,9,23,N,zipper-line-1,normal,smooth
PRD-00241,SHP-202501-01,1,옷감사,W2WTL06WH,봄,여성,리넨,티셔츠,화이트,27235,2024-12-10,2024-12-24,2025-01-08,14,15,N,fabric-line-2,normal,supply_crack
PRD-00242,SHP-202501-01,2,케어라벨사,W2WTL06WH,봄,여성,리넨,티셔츠,화이트,27235,2024-12-24,2025-01-01,2025-01-08,8,7,N,label-line-3,normal,supply_crack
PRD-00243,SHP-202501-01,3,지퍼단추사,W2WTL06WH,봄,여성,리넨,티셔츠,화이트,27235,2024-12-21,2024-12-29,2025-01-08,8,10,N,zipper-line-4,normal,supply_crack
PRD-00244,SHP-202501-02,1,옷감사,W2MPL09NV,가을,남성,폴리에스터,팬츠,네이비,35903,2024-12-25,2025-01-08,2025-01-18,14,10,N,fabric-line-5,normal,supply_crack
PRD-00245,SHP-202501-02,2,케어라벨사,W2MPL09NV,가을,남성,폴리에스터,팬츠,네이비,35903,2025-01-03,2025-01-09,2025-01-18,6,9,N,label-line-6,normal,supply_crack
PRD-00246,SHP-202501-02,3,지퍼단추사,W2MPL09NV,가을,남성,폴리에스터,팬츠,네이비,35903,2024-12-24,2025-01-03,2025-01-18,10,15,N,zipper-line-1,normal,supply_crack
PRD-00247,SHP-202501-03,1,옷감사,W2WPM10GY,겨울,여성,울,코트,그레이,30726,2024-12-31,2025-01-15,2025-01-27,15,12,N,fabric-line-2,normal,supply_crack
PRD-00248,SHP-202501-03,2,케어라벨사,W2WPM10GY,겨울,여성,울,코트,그레이,30726,2025-01-13,2025-01-19,2025-01-27,6,8,N,label-line-3,normal,supply_crack
PRD-00249,SHP-202501-03,3,지퍼단추사,W2WPM10GY,겨울,여성,울,코트,그레이,30726,2025-01-10,2025-01-20,2025-01-27,10,7,N,zipper-line-4,normal,supply_crack
PRD-00250,SHP-202502-01,1,옷감사,W2WTO11BK,가을,여성,트윌,아우터,블랙,33359,2025-01-12,2025-01-25,2025-02-07,13,13,N,fabric-line-5,normal,supply_crack
PRD-00251,SHP-202502-01,2,케어라벨사,W2WTO11BK,가을,여성,트윌,아우터,블랙,33359,2025-01-18,2025-01-26,2025-02-07,8,12,N,label-line-6,normal,supply_crack
PRD-00252,SHP-202502-01,3,지퍼단추사,W2WTO11BK,가을,여성,트윌,아우터,블랙,33359,2025-01-13,2025-01-22,2025-02-07,9,16,N,zipper-line-1,normal,supply_crack
PRD-00253,SHP-202502-02,1,옷감사,W2MTC08RD,여름,여성,면,티셔츠,레드,33690,2025-01-21,2025-02-05,2025-02-15,15,10,N,fabric-line-2,normal,supply_crack
PRD-00254,SHP-202502-02,2,케어라벨사,W2MTC08RD,여름,여성,면,티셔츠,레드,33690,2025-01-26,2025-02-04,2025-02-15,9,11,N,label-line-3,normal,supply_crack
PRD-00255,SHP-202502-02,3,지퍼단추사,W2MTC08RD,여름,여성,면,티셔츠,레드,33690,2025-01-27,2025-02-04,2025-02-15,8,11,N,zipper-line-4,normal,supply_crack
PRD-00256,SHP-202502-03,1,옷감사,W2WPL07BE,여름,여성,폴리에스터,팬츠,베이지,27018,2025-01-25,2025-02-10,2025-02-23,16,13,N,fabric-line-5,normal,supply_crack
PRD-00257,SHP-202502-03,2,케어라벨사,W2WPL07BE,여름,여성,폴리에스터,팬츠,베이지,27018,2025-02-04,2025-02-12,2025-02-23,8,11,N,label-line-6,normal,supply_crack
PRD-00258,SHP-202502-03,3,지퍼단추사,W2WPL07BE,여름,여성,폴리에스터,팬츠,베이지,27018,2025-01-31,2025-02-10,2025-02-23,10,13,N,zipper-line-1,normal,supply_crack
PRD-00259,SHP-202502-04,1,옷감사,W1MTP05BE,봄,남성,폴리에스터,티셔츠,베이지,27143,2025-01-31,2025-02-15,2025-02-28,15,13,N,fabric-line-2,normal,supply_crack
PRD-00260,SHP-202502-04,2,케어라벨사,W1MTP05BE,봄,남성,폴리에스터,티셔츠,베이지,27143,2025-02-12,2025-02-19,2025-02-28,7,9,N,label-line-3,normal,supply_crack
PRD-00261,SHP-202502-04,3,지퍼단추사,W1MTP05BE,봄,남성,폴리에스터,티셔츠,베이지,27143,2025-02-09,2025-02-17,2025-02-28,8,11,N,zipper-line-4,normal,supply_crack
PRD-00262,SHP-202503-01,1,옷감사,W2MPL09NV,가을,남성,폴리에스터,팬츠,네이비,36389,2025-02-06,2025-02-20,2025-03-08,14,16,N,fabric-line-5,normal,supply_crack
PRD-00263,SHP-202503-01,2,케어라벨사,W2MPL09NV,가을,남성,폴리에스터,팬츠,네이비,36389,2025-02-13,2025-02-22,2025-03-08,9,14,N,label-line-6,normal,supply_crack
PRD-00264,SHP-202503-01,3,지퍼단추사,W2MPL09NV,가을,남성,폴리에스터,팬츠,네이비,36389,2025-02-16,2025-02-26,2025-03-08,10,10,N,zipper-line-1,normal,supply_crack
PRD-00265,SHP-202503-02,1,옷감사,W2WPM10GY,겨울,여성,울,코트,그레이,36097,2025-02-23,2025-03-08,2025-03-18,13,10,N,fabric-line-2,normal,supply_crack
PRD-00266,SHP-202503-02,2,케어라벨사,W2WPM10GY,겨울,여성,울,코트,그레이,36097,2025-02-24,2025-03-02,2025-03-18,6,16,N,label-line-3,normal,supply_crack
PRD-00267,SHP-202503-02,3,지퍼단추사,W2WPM10GY,겨울,여성,울,코트,그레이,36097,2025-02-25,2025-03-05,2025-03-18,8,13,N,zipper-line-4,normal,supply_crack
PRD-00268,SHP-202503-03,1,옷감사,W3MJW01NV,겨울,남성,울,재킷,네이비,38369,2025-03-02,2025-03-16,2025-03-27,14,11,N,fabric-line-5,normal,supply_crack
PRD-00269,SHP-202503-03,2,케어라벨사,W3MJW01NV,겨울,남성,울,재킷,네이비,38369,2025-03-08,2025-03-16,2025-03-27,8,11,N,label-line-6,normal,supply_crack
PRD-00270,SHP-202503-03,3,지퍼단추사,W3MJW01NV,겨울,남성,울,재킷,네이비,38369,2025-03-02,2025-03-11,2025-03-27,9,16,N,zipper-line-1,normal,supply_crack
PRD-00271,SHP-202504-01,1,옷감사,W2MTC08RD,여름,여성,면,티셔츠,레드,33733,2025-03-14,2025-03-29,2025-04-08,15,10,N,fabric-line-2,normal,supply_crack
PRD-00272,SHP-202504-01,2,케어라벨사,W2MTC08RD,여름,여성,면,티셔츠,레드,33733,2025-03-22,2025-03-28,2025-04-08,6,11,N,label-line-3,normal,supply_crack
PRD-00273,SHP-202504-01,3,지퍼단추사,W2MTC08RD,여름,여성,면,티셔츠,레드,33733,2025-03-20,2025-03-28,2025-04-08,8,11,N,zipper-line-4,normal,supply_crack
PRD-00274,SHP-202504-02,1,옷감사,W2WPL07BE,여름,여성,폴리에스터,팬츠,베이지,36190,2025-03-27,2025-04-11,2025-04-18,15,7,N,fabric-line-5,normal,supply_crack
PRD-00275,SHP-202504-02,2,케어라벨사,W2WPL07BE,여름,여성,폴리에스터,팬츠,베이지,36190,2025-04-02,2025-04-08,2025-04-18,6,10,N,label-line-6,normal,supply_crack
PRD-00276,SHP-202504-02,3,지퍼단추사,W2WPL07BE,여름,여성,폴리에스터,팬츠,베이지,36190,2025-03-31,2025-04-08,2025-04-18,8,10,N,zipper-line-1,normal,supply_crack
PRD-00277,SHP-202504-03,1,옷감사,W1MTP05BE,봄,남성,폴리에스터,티셔츠,베이지,35651,2025-04-05,2025-04-20,2025-04-27,15,7,N,fabric-line-2,normal,supply_crack
PRD-00278,SHP-202504-03,2,케어라벨사,W1MTP05BE,봄,남성,폴리에스터,티셔츠,베이지,35651,2025-04-11,2025-04-19,2025-04-27,8,8,N,label-line-3,normal,supply_crack
PRD-00279,SHP-202504-03,3,지퍼단추사,W1MTP05BE,봄,남성,폴리에스터,티셔츠,베이지,35651,2025-04-02,2025-04-11,2025-04-27,9,16,N,zipper-line-4,normal,supply_crack
PRD-00280,SHP-202505-01,1,옷감사,W2MPL09NV,가을,남성,폴리에스터,팬츠,네이비,43556,2025-04-09,2025-04-22,2025-05-07,13,15,N,fabric-line-5,normal,supply_crack
PRD-00281,SHP-202505-01,2,케어라벨사,W2MPL09NV,가을,남성,폴리에스터,팬츠,네이비,43556,2025-04-18,2025-04-24,2025-05-07,6,13,N,label-line-6,normal,supply_crack
PRD-00282,SHP-202505-01,3,지퍼단추사,W2MPL09NV,가을,남성,폴리에스터,팬츠,네이비,43556,2025-04-15,2025-04-25,2025-05-07,10,12,N,zipper-line-1,normal,supply_crack
PRD-00283,SHP-202505-02,1,옷감사,W2WPM10GY,겨울,여성,울,코트,그레이,46810,2025-04-23,2025-05-08,2025-05-15,15,7,N,fabric-line-2,normal,supply_crack
PRD-00284,SHP-202505-02,2,케어라벨사,W2WPM10GY,겨울,여성,울,코트,그레이,46810,2025-04-29,2025-05-06,2025-05-15,7,9,N,label-line-3,normal,supply_crack
PRD-00285,SHP-202505-02,3,지퍼단추사,W2WPM10GY,겨울,여성,울,코트,그레이,46810,2025-04-27,2025-05-06,2025-05-15,9,9,N,zipper-line-4,normal,supply_crack
PRD-00286,SHP-202505-03,1,옷감사,W3MJW01NV,겨울,남성,울,재킷,네이비,36700,2025-04-26,2025-05-10,2025-05-23,14,13,N,fabric-line-5,normal,supply_crack
PRD-00287,SHP-202505-03,2,케어라벨사,W3MJW01NV,겨울,남성,울,재킷,네이비,36700,2025-05-04,2025-05-11,2025-05-23,7,12,N,label-line-6,normal,supply_crack
PRD-00288,SHP-202505-03,3,지퍼단추사,W3MJW01NV,겨울,남성,울,재킷,네이비,36700,2025-05-01,2025-05-12,2025-05-23,11,11,N,zipper-line-1,normal,supply_crack
PRD-00289,SHP-202505-04,1,옷감사,W2WTO11BK,가을,여성,트윌,아우터,블랙,37361,2025-04-30,2025-05-15,2025-05-28,15,13,N,fabric-line-2,normal,supply_crack
PRD-00290,SHP-202505-04,2,케어라벨사,W2WTO11BK,가을,여성,트윌,아우터,블랙,37361,2025-05-12,2025-05-20,2025-05-28,8,8,N,label-line-3,normal,supply_crack
PRD-00291,SHP-202505-04,3,지퍼단추사,W2WTO11BK,가을,여성,트윌,아우터,블랙,37361,2025-05-05,2025-05-15,2025-05-28,10,13,N,zipper-line-4,normal,supply_crack
PRD-00292,SHP-202506-01,1,옷감사,W2WPL07BE,여름,여성,폴리에스터,팬츠,베이지,43517,2025-05-15,2025-05-28,2025-06-08,13,11,N,fabric-line-5,normal,supply_crack
PRD-00293,SHP-202506-01,2,케어라벨사,W2WPL07BE,여름,여성,폴리에스터,팬츠,베이지,43517,2025-05-17,2025-05-24,2025-06-08,7,15,N,label-line-6,normal,supply_crack
PRD-00294,SHP-202506-01,3,지퍼단추사,W2WPL07BE,여름,여성,폴리에스터,팬츠,베이지,43517,2025-05-16,2025-05-24,2025-06-08,8,15,N,zipper-line-1,normal,supply_crack
PRD-00295,SHP-202506-02,1,옷감사,W1MTP05BE,봄,남성,폴리에스터,티셔츠,베이지,35955,2025-05-21,2025-06-05,2025-06-18,15,13,N,fabric-line-2,normal,supply_crack
PRD-00296,SHP-202506-02,2,케어라벨사,W1MTP05BE,봄,남성,폴리에스터,티셔츠,베이지,35955,2025-05-29,2025-06-06,2025-06-18,8,12,N,label-line-3,normal,supply_crack
PRD-00297,SHP-202506-02,3,지퍼단추사,W1MTP05BE,봄,남성,폴리에스터,티셔츠,베이지,35955,2025-06-02,2025-06-10,2025-06-18,8,8,N,zipper-line-4,normal,supply_crack
PRD-00298,SHP-202506-03,1,옷감사,W2WTL06WH,봄,여성,리넨,티셔츠,화이트,37437,2025-06-03,2025-06-18,2025-06-27,15,9,N,fabric-line-5,normal,supply_crack
PRD-00299,SHP-202506-03,2,케어라벨사,W2WTL06WH,봄,여성,리넨,티셔츠,화이트,37437,2025-06-03,2025-06-11,2025-06-27,8,16,N,label-line-6,normal,supply_crack
PRD-00300,SHP-202506-03,3,지퍼단추사,W2WTL06WH,봄,여성,리넨,티셔츠,화이트,37437,2025-06-05,2025-06-13,2025-06-27,8,14,N,zipper-line-1,normal,supply_crack
PRD-00301,SHP-202507-01,1,옷감사,W2WPM10GY,겨울,여성,울,코트,그레이,46321,2025-06-13,2025-06-29,2025-07-08,16,9,N,fabric-line-2,normal,supply_crack
PRD-00302,SHP-202507-01,2,케어라벨사,W2WPM10GY,겨울,여성,울,코트,그레이,46321,2025-06-18,2025-06-25,2025-07-08,7,13,N,label-line-3,normal,supply_crack
PRD-00303,SHP-202507-01,3,지퍼단추사,W2WPM10GY,겨울,여성,울,코트,그레이,46321,2025-06-14,2025-06-24,2025-07-08,10,14,N,zipper-line-4,normal,supply_crack
PRD-00304,SHP-202507-02,1,옷감사,W3MJW01NV,겨울,남성,울,재킷,네이비,41038,2025-06-22,2025-07-08,2025-07-18,16,10,N,fabric-line-5,normal,supply_crack
PRD-00305,SHP-202507-02,2,케어라벨사,W3MJW01NV,겨울,남성,울,재킷,네이비,41038,2025-07-01,2025-07-07,2025-07-18,6,11,N,label-line-6,normal,supply_crack
PRD-00306,SHP-202507-02,3,지퍼단추사,W3MJW01NV,겨울,남성,울,재킷,네이비,41038,2025-07-02,2025-07-11,2025-07-18,9,7,N,zipper-line-1,normal,supply_crack
PRD-00307,SHP-202507-03,1,옷감사,W2WTO11BK,가을,여성,트윌,아우터,블랙,44494,2025-07-01,2025-07-17,2025-07-27,16,10,N,fabric-line-2,normal,supply_crack
PRD-00308,SHP-202507-03,2,케어라벨사,W2WTO11BK,가을,여성,트윌,아우터,블랙,44494,2025-07-13,2025-07-19,2025-07-27,6,8,N,label-line-3,normal,supply_crack
PRD-00309,SHP-202507-03,3,지퍼단추사,W2WTO11BK,가을,여성,트윌,아우터,블랙,44494,2025-07-09,2025-07-19,2025-07-27,10,8,N,zipper-line-4,normal,supply_crack
PRD-00310,SHP-202508-01,1,옷감사,W2WPL07BE,여름,여성,폴리에스터,팬츠,베이지,30020,2025-07-16,2025-07-30,2025-08-07,14,8,N,fabric-line-5,normal,supply_crack
PRD-00311,SHP-202508-01,2,케어라벨사,W2WPL07BE,여름,여성,폴리에스터,팬츠,베이지,30020,2025-07-14,2025-07-22,2025-08-07,8,16,N,label-line-6,normal,supply_crack
PRD-00312,SHP-202508-01,3,지퍼단추사,W2WPL07BE,여름,여성,폴리에스터,팬츠,베이지,30020,2025-07-12,2025-07-23,2025-08-07,11,15,N,zipper-line-1,normal,supply_crack
PRD-00313,SHP-202508-02,1,옷감사,W1MTP05BE,봄,남성,폴리에스터,티셔츠,베이지,36949,2025-07-20,2025-08-04,2025-08-15,15,11,N,fabric-line-2,normal,supply_crack
PRD-00314,SHP-202508-02,2,케어라벨사,W1MTP05BE,봄,남성,폴리에스터,티셔츠,베이지,36949,2025-07-22,2025-07-31,2025-08-15,9,15,N,label-line-3,normal,supply_crack
PRD-00315,SHP-202508-02,3,지퍼단추사,W1MTP05BE,봄,남성,폴리에스터,티셔츠,베이지,36949,2025-07-23,2025-08-03,2025-08-15,11,12,N,zipper-line-4,normal,supply_crack
PRD-00316,SHP-202508-03,1,옷감사,W2WTL06WH,봄,여성,리넨,티셔츠,화이트,30904,2025-07-30,2025-08-14,2025-08-23,15,9,N,fabric-line-5,normal,supply_crack
PRD-00317,SHP-202508-03,2,케어라벨사,W2WTL06WH,봄,여성,리넨,티셔츠,화이트,30904,2025-07-30,2025-08-08,2025-08-23,9,15,N,label-line-6,normal,supply_crack
PRD-00318,SHP-202508-03,3,지퍼단추사,W2WTL06WH,봄,여성,리넨,티셔츠,화이트,30904,2025-08-07,2025-08-16,2025-08-23,9,7,N,zipper-line-1,normal,supply_crack
PRD-00319,SHP-202508-04,1,옷감사,W2MPL09NV,가을,남성,폴리에스터,팬츠,네이비,39186,2025-08-02,2025-08-17,2025-08-28,15,11,N,fabric-line-2,normal,supply_crack
PRD-00320,SHP-202508-04,2,케어라벨사,W2MPL09NV,가을,남성,폴리에스터,팬츠,네이비,39186,2025-08-10,2025-08-16,2025-08-28,6,12,N,label-line-3,normal,supply_crack
PRD-00321,SHP-202508-04,3,지퍼단추사,W2MPL09NV,가을,남성,폴리에스터,팬츠,네이비,39186,2025-08-11,2025-08-19,2025-08-28,8,9,N,zipper-line-4,normal,supply_crack
PRD-00322,SHP-202509-01,1,옷감사,W3MJW01NV,겨울,남성,울,재킷,네이비,33900,2025-08-13,2025-08-28,2025-09-08,15,11,N,fabric-line-5,normal,supply_crack
PRD-00323,SHP-202509-01,2,케어라벨사,W3MJW01NV,겨울,남성,울,재킷,네이비,33900,2025-08-22,2025-08-28,2025-09-08,6,11,N,label-line-6,normal,supply_crack
PRD-00324,SHP-202509-01,3,지퍼단추사,W3MJW01NV,겨울,남성,울,재킷,네이비,33900,2025-08-18,2025-08-27,2025-09-08,9,12,N,zipper-line-1,normal,supply_crack
PRD-00325,SHP-202509-02,1,옷감사,W2WTO11BK,가을,여성,트윌,아우터,블랙,39090,2025-08-23,2025-09-07,2025-09-18,15,11,N,fabric-line-2,normal,supply_crack
PRD-00326,SHP-202509-02,2,케어라벨사,W2WTO11BK,가을,여성,트윌,아우터,블랙,39090,2025-08-26,2025-09-03,2025-09-18,8,15,N,label-line-3,normal,supply_crack
PRD-00327,SHP-202509-02,3,지퍼단추사,W2WTO11BK,가을,여성,트윌,아우터,블랙,39090,2025-09-03,2025-09-11,2025-09-18,8,7,N,zipper-line-4,normal,supply_crack
PRD-00328,SHP-202509-03,1,옷감사,W2MTC08RD,여름,여성,면,티셔츠,레드,31983,2025-08-29,2025-09-11,2025-09-27,13,16,N,fabric-line-5,normal,supply_crack
PRD-00329,SHP-202509-03,2,케어라벨사,W2MTC08RD,여름,여성,면,티셔츠,레드,31983,2025-09-04,2025-09-12,2025-09-27,8,15,N,label-line-6,normal,supply_crack
PRD-00330,SHP-202509-03,3,지퍼단추사,W2MTC08RD,여름,여성,면,티셔츠,레드,31983,2025-09-07,2025-09-16,2025-09-27,9,11,N,zipper-line-1,normal,supply_crack
PRD-00331,SHP-202510-01,1,옷감사,W1MTP05BE,봄,남성,폴리에스터,티셔츠,베이지,42467,2025-09-06,2025-09-22,2025-10-08,16,16,N,fabric-line-2,normal,supply_crack
PRD-00332,SHP-202510-01,2,케어라벨사,W1MTP05BE,봄,남성,폴리에스터,티셔츠,베이지,42467,2025-09-24,2025-10-01,2025-10-08,7,7,N,label-line-3,normal,supply_crack
PRD-00333,SHP-202510-01,3,지퍼단추사,W1MTP05BE,봄,남성,폴리에스터,티셔츠,베이지,42467,2025-09-14,2025-09-22,2025-10-08,8,16,N,zipper-line-4,normal,supply_crack
PRD-00334,SHP-202510-02,1,옷감사,W2WTL06WH,봄,여성,리넨,티셔츠,화이트,39386,2025-09-19,2025-10-03,2025-10-18,14,15,N,fabric-line-5,normal,supply_crack
PRD-00335,SHP-202510-02,2,케어라벨사,W2WTL06WH,봄,여성,리넨,티셔츠,화이트,39386,2025-09-27,2025-10-05,2025-10-18,8,13,N,label-line-6,normal,supply_crack
PRD-00336,SHP-202510-02,3,지퍼단추사,W2WTL06WH,봄,여성,리넨,티셔츠,화이트,39386,2025-09-27,2025-10-05,2025-10-18,8,13,N,zipper-line-1,normal,supply_crack
PRD-00337,SHP-202510-03,1,옷감사,W2MPL09NV,가을,남성,폴리에스터,팬츠,네이비,41739,2025-09-29,2025-10-14,2025-10-27,15,13,N,fabric-line-2,normal,supply_crack
PRD-00338,SHP-202510-03,2,케어라벨사,W2MPL09NV,가을,남성,폴리에스터,팬츠,네이비,41739,2025-10-13,2025-10-20,2025-10-27,7,7,N,label-line-3,normal,supply_crack
PRD-00339,SHP-202510-03,3,지퍼단추사,W2MPL09NV,가을,남성,폴리에스터,팬츠,네이비,41739,2025-10-10,2025-10-20,2025-10-27,10,7,N,zipper-line-4,normal,supply_crack
PRD-00340,SHP-202511-01,1,옷감사,W3MJW01NV,겨울,남성,울,재킷,네이비,40824,2025-10-14,2025-10-27,2025-11-07,13,11,N,fabric-line-5,normal,supply_crack
PRD-00341,SHP-202511-01,2,케어라벨사,W3MJW01NV,겨울,남성,울,재킷,네이비,40824,2025-10-18,2025-10-26,2025-11-07,8,12,N,label-line-6,normal,supply_crack
PRD-00342,SHP-202511-01,3,지퍼단추사,W3MJW01NV,겨울,남성,울,재킷,네이비,40824,2025-10-18,2025-10-27,2025-11-07,9,11,N,zipper-line-1,normal,supply_crack
PRD-00343,SHP-202511-02,1,옷감사,W2WTO11BK,가을,여성,트윌,아우터,블랙,37002,2025-10-24,2025-11-08,2025-11-15,15,7,N,fabric-line-2,normal,supply_crack
PRD-00344,SHP-202511-02,2,케어라벨사,W2WTO11BK,가을,여성,트윌,아우터,블랙,37002,2025-10-25,2025-10-31,2025-11-15,6,15,N,label-line-3,normal,supply_crack
PRD-00345,SHP-202511-02,3,지퍼단추사,W2WTO11BK,가을,여성,트윌,아우터,블랙,37002,2025-10-24,2025-11-02,2025-11-15,9,13,N,zipper-line-4,normal,supply_crack
PRD-00346,SHP-202511-03,1,옷감사,W2MTC08RD,여름,여성,면,티셔츠,레드,35553,2025-10-26,2025-11-10,2025-11-23,15,13,N,fabric-line-5,normal,supply_crack
PRD-00347,SHP-202511-03,2,케어라벨사,W2MTC08RD,여름,여성,면,티셔츠,레드,35553,2025-11-07,2025-11-16,2025-11-23,9,7,N,label-line-6,normal,supply_crack
PRD-00348,SHP-202511-03,3,지퍼단추사,W2MTC08RD,여름,여성,면,티셔츠,레드,35553,2025-10-31,2025-11-09,2025-11-23,9,14,N,zipper-line-1,normal,supply_crack
PRD-00349,SHP-202511-04,1,옷감사,W2WPL07BE,여름,여성,폴리에스터,팬츠,베이지,43567,2025-11-06,2025-11-21,2025-11-28,15,7,N,fabric-line-2,normal,supply_crack
PRD-00350,SHP-202511-04,2,케어라벨사,W2WPL07BE,여름,여성,폴리에스터,팬츠,베이지,43567,2025-11-14,2025-11-21,2025-11-28,7,7,N,label-line-3,normal,supply_crack
PRD-00351,SHP-202511-04,3,지퍼단추사,W2WPL07BE,여름,여성,폴리에스터,팬츠,베이지,43567,2025-11-10,2025-11-18,2025-11-28,8,10,N,zipper-line-4,normal,supply_crack
PRD-00352,SHP-202512-01,1,옷감사,W2WTL06WH,봄,여성,리넨,티셔츠,화이트,37337,2025-11-12,2025-11-25,2025-12-08,13,13,N,fabric-line-5,normal,supply_crack
PRD-00353,SHP-202512-01,2,케어라벨사,W2WTL06WH,봄,여성,리넨,티셔츠,화이트,37337,2025-11-22,2025-11-30,2025-12-08,8,8,N,label-line-6,normal,supply_crack
PRD-00354,SHP-202512-01,3,지퍼단추사,W2WTL06WH,봄,여성,리넨,티셔츠,화이트,37337,2025-11-21,2025-11-30,2025-12-08,9,8,N,zipper-line-1,normal,supply_crack
PRD-00355,SHP-202512-02,1,옷감사,W2MPL09NV,가을,남성,폴리에스터,팬츠,네이비,43329,2025-11-26,2025-12-09,2025-12-18,13,9,N,fabric-line-2,normal,supply_crack
PRD-00356,SHP-202512-02,2,케어라벨사,W2MPL09NV,가을,남성,폴리에스터,팬츠,네이비,43329,2025-12-01,2025-12-08,2025-12-18,7,10,N,label-line-3,normal,supply_crack
PRD-00357,SHP-202512-02,3,지퍼단추사,W2MPL09NV,가을,남성,폴리에스터,팬츠,네이비,43329,2025-11-24,2025-12-02,2025-12-18,8,16,N,zipper-line-4,normal,supply_crack
PRD-00358,SHP-202512-03,1,옷감사,W2WPM10GY,겨울,여성,울,코트,그레이,34292,2025-12-02,2025-12-18,2025-12-27,16,9,N,fabric-line-5,normal,supply_crack
PRD-00359,SHP-202512-03,2,케어라벨사,W2WPM10GY,겨울,여성,울,코트,그레이,34292,2025-12-09,2025-12-17,2025-12-27,8,10,N,label-line-6,normal,supply_crack
PRD-00360,SHP-202512-03,3,지퍼단추사,W2WPM10GY,겨울,여성,울,코트,그레이,34292,2025-12-10,2025-12-18,2025-12-27,8,9,N,zipper-line-1,normal,supply_crack
PRD-00361,SHP-202601-01,1,옷감사,W2MPL09NV,가을,남성,폴리에스터,팬츠,네이비,26157,2025-12-20,2026-01-06,2026-01-08,17,2,N,fabric-line-2,tight,supply_and_production_break
PRD-00362,SHP-202601-01,2,케어라벨사,W2MPL09NV,가을,남성,폴리에스터,팬츠,네이비,26157,2025-12-27,2026-01-07,2026-01-08,11,1,N,label-line-3,tight,supply_and_production_break
PRD-00363,SHP-202601-01,3,지퍼단추사,W2MPL09NV,가을,남성,폴리에스터,팬츠,네이비,26157,2025-12-23,2026-01-04,2026-01-08,12,4,N,zipper-line-4,tight,supply_and_production_break
PRD-00364,SHP-202601-02,1,옷감사,W2WPM10GY,겨울,여성,울,코트,그레이,31613,2025-12-28,2026-01-16,2026-01-18,19,2,N,fabric-line-5,tight,supply_and_production_break
PRD-00365,SHP-202601-02,2,케어라벨사,W2WPM10GY,겨울,여성,울,코트,그레이,31613,2026-01-04,2026-01-16,2026-01-18,12,2,N,label-line-6,tight,supply_and_production_break
PRD-00366,SHP-202601-02,3,지퍼단추사,W2WPM10GY,겨울,여성,울,코트,그레이,31613,2026-01-03,2026-01-17,2026-01-18,14,1,N,zipper-line-1,tight,supply_and_production_break
PRD-00367,SHP-202601-03,1,옷감사,W3MJW01NV,겨울,남성,울,재킷,네이비,31997,2026-01-06,2026-01-25,2026-01-27,19,2,N,fabric-line-2,tight,supply_and_production_break
PRD-00368,SHP-202601-03,2,케어라벨사,W3MJW01NV,겨울,남성,울,재킷,네이비,31997,2026-01-12,2026-01-22,2026-01-27,10,5,N,label-line-3,tight,supply_and_production_break
PRD-00369,SHP-202601-03,3,지퍼단추사,W3MJW01NV,겨울,남성,울,재킷,네이비,31997,2026-01-07,2026-01-21,2026-01-27,14,6,N,zipper-line-4,normal,supply_and_production_break
PRD-00370,SHP-202602-01,1,옷감사,W2MTC08RD,여름,여성,면,티셔츠,레드,29097,2026-01-15,2026-02-03,2026-02-07,19,4,N,fabric-line-5,tight,supply_and_production_break
PRD-00371,SHP-202602-01,2,케어라벨사,W2MTC08RD,여름,여성,면,티셔츠,레드,29097,2026-01-25,2026-02-06,2026-02-07,12,1,N,label-line-6,tight,supply_and_production_break
PRD-00372,SHP-202602-01,3,지퍼단추사,W2MTC08RD,여름,여성,면,티셔츠,레드,29097,2026-01-20,2026-02-01,2026-02-07,12,6,N,zipper-line-1,normal,supply_and_production_break
PRD-00373,SHP-202602-02,1,옷감사,W2WPL07BE,여름,여성,폴리에스터,팬츠,베이지,26824,2026-01-28,2026-02-15,2026-02-15,18,0,N,fabric-line-2,tight,supply_and_production_break
PRD-00374,SHP-202602-02,2,케어라벨사,W2WPL07BE,여름,여성,폴리에스터,팬츠,베이지,26824,2026-01-30,2026-02-09,2026-02-15,10,6,N,label-line-3,normal,supply_and_production_break
PRD-00375,SHP-202602-02,3,지퍼단추사,W2WPL07BE,여름,여성,폴리에스터,팬츠,베이지,26824,2026-02-03,2026-02-15,2026-02-15,12,0,N,zipper-line-4,tight,supply_and_production_break
PRD-00376,SHP-202602-03,1,옷감사,W1MTP05BE,봄,남성,폴리에스터,티셔츠,베이지,29956,2026-02-05,2026-02-24,2026-02-23,19,-1,Y,fabric-line-5,late,supply_and_production_break
PRD-00377,SHP-202602-03,2,케어라벨사,W1MTP05BE,봄,남성,폴리에스터,티셔츠,베이지,29956,2026-02-11,2026-02-20,2026-02-23,9,3,N,label-line-6,tight,supply_and_production_break
PRD-00378,SHP-202602-03,3,지퍼단추사,W1MTP05BE,봄,남성,폴리에스터,티셔츠,베이지,29956,2026-02-05,2026-02-17,2026-02-23,12,6,N,zipper-line-1,normal,supply_and_production_break
PRD-00379,SHP-202602-04,1,옷감사,W2WTL06WH,봄,여성,리넨,티셔츠,화이트,27179,2026-02-11,2026-03-01,2026-02-28,18,-1,Y,fabric-line-2,late,supply_and_production_break
PRD-00380,SHP-202602-04,2,케어라벨사,W2WTL06WH,봄,여성,리넨,티셔츠,화이트,27179,2026-02-15,2026-02-25,2026-02-28,10,3,N,label-line-3,tight,supply_and_production_break
PRD-00381,SHP-202602-04,3,지퍼단추사,W2WTL06WH,봄,여성,리넨,티셔츠,화이트,27179,2026-02-12,2026-02-26,2026-02-28,14,2,N,zipper-line-4,tight,supply_and_production_break
PRD-00382,SHP-202603-01,1,옷감사,W2WPM10GY,겨울,여성,울,코트,그레이,30129,2026-02-17,2026-03-07,2026-03-08,18,1,N,fabric-line-5,tight,supply_and_production_break
PRD-00383,SHP-202603-01,2,케어라벨사,W2WPM10GY,겨울,여성,울,코트,그레이,30129,2026-02-23,2026-03-04,2026-03-08,9,4,N,label-line-6,tight,supply_and_production_break
PRD-00384,SHP-202603-01,3,지퍼단추사,W2WPM10GY,겨울,여성,울,코트,그레이,30129,2026-02-20,2026-03-03,2026-03-08,11,5,N,zipper-line-1,tight,supply_and_production_break
PRD-00385,SHP-202603-02,1,옷감사,W3MJW01NV,겨울,남성,울,재킷,네이비,36238,2026-02-24,2026-03-13,2026-03-18,17,5,N,fabric-line-2,tight,supply_and_production_break
PRD-00386,SHP-202603-02,2,케어라벨사,W3MJW01NV,겨울,남성,울,재킷,네이비,36238,2026-02-27,2026-03-11,2026-03-18,12,7,N,label-line-3,normal,supply_and_production_break
PRD-00387,SHP-202603-02,3,지퍼단추사,W3MJW01NV,겨울,남성,울,재킷,네이비,36238,2026-03-05,2026-03-19,2026-03-18,14,-1,Y,zipper-line-4,late,supply_and_production_break
PRD-00388,SHP-202603-03,1,옷감사,W2WTO11BK,가을,여성,트윌,아우터,블랙,31715,2026-03-08,2026-03-27,2026-03-27,19,0,N,fabric-line-5,tight,supply_and_production_break
PRD-00389,SHP-202603-03,2,케어라벨사,W2WTO11BK,가을,여성,트윌,아우터,블랙,31715,2026-03-15,2026-03-26,2026-03-27,11,1,N,label-line-6,tight,supply_and_production_break
PRD-00390,SHP-202603-03,3,지퍼단추사,W2WTO11BK,가을,여성,트윌,아우터,블랙,31715,2026-03-14,2026-03-28,2026-03-27,14,-1,Y,zipper-line-1,late,supply_and_production_break
PRD-00391,SHP-202604-01,1,옷감사,W2WPL07BE,여름,여성,폴리에스터,팬츠,베이지,32857,2026-03-17,2026-04-05,2026-04-08,19,3,N,fabric-line-2,tight,supply_and_production_break
PRD-00392,SHP-202604-01,2,케어라벨사,W2WPL07BE,여름,여성,폴리에스터,팬츠,베이지,32857,2026-03-26,2026-04-06,2026-04-08,11,2,N,label-line-3,tight,supply_and_production_break
PRD-00393,SHP-202604-01,3,지퍼단추사,W2WPL07BE,여름,여성,폴리에스터,팬츠,베이지,32857,2026-03-19,2026-04-02,2026-04-08,14,6,N,zipper-line-4,normal,supply_and_production_break
PRD-00394,SHP-202604-02,1,옷감사,W1MTP05BE,봄,남성,폴리에스터,티셔츠,베이지,35193,2026-04-03,2026-04-19,2026-04-18,16,-1,Y,fabric-line-5,late,supply_and_production_break
PRD-00395,SHP-202604-02,2,케어라벨사,W1MTP05BE,봄,남성,폴리에스터,티셔츠,베이지,35193,2026-04-06,2026-04-16,2026-04-18,10,2,N,label-line-6,tight,supply_and_production_break
PRD-00396,SHP-202604-02,3,지퍼단추사,W1MTP05BE,봄,남성,폴리에스터,티셔츠,베이지,35193,2026-03-30,2026-04-13,2026-04-18,14,5,N,zipper-line-1,tight,supply_and_production_break
PRD-00397,SHP-202604-03,1,옷감사,W2WTL06WH,봄,여성,리넨,티셔츠,화이트,36646,2026-04-09,2026-04-28,2026-04-27,19,-1,Y,fabric-line-2,late,supply_and_production_break
PRD-00398,SHP-202604-03,2,케어라벨사,W2WTL06WH,봄,여성,리넨,티셔츠,화이트,36646,2026-04-14,2026-04-24,2026-04-27,10,3,N,label-line-3,tight,supply_and_production_break
PRD-00399,SHP-202604-03,3,지퍼단추사,W2WTL06WH,봄,여성,리넨,티셔츠,화이트,36646,2026-04-11,2026-04-22,2026-04-27,11,5,N,zipper-line-4,tight,supply_and_production_break
PRD-00400,SHP-202605-01,1,옷감사,W2WPM10GY,겨울,여성,울,코트,그레이,40485,2026-04-16,2026-05-03,2026-05-07,17,4,N,fabric-line-5,tight,supply_and_production_break
PRD-00401,SHP-202605-01,2,케어라벨사,W2WPM10GY,겨울,여성,울,코트,그레이,40485,2026-04-23,2026-05-05,2026-05-07,12,2,N,label-line-6,tight,supply_and_production_break
PRD-00402,SHP-202605-01,3,지퍼단추사,W2WPM10GY,겨울,여성,울,코트,그레이,40485,2026-04-19,2026-05-01,2026-05-07,12,6,N,zipper-line-1,normal,supply_and_production_break
PRD-00403,SHP-202605-02,1,옷감사,W3MJW01NV,겨울,남성,울,재킷,네이비,35479,2026-04-27,2026-05-14,2026-05-15,17,1,N,fabric-line-2,tight,supply_and_production_break
PRD-00404,SHP-202605-02,2,케어라벨사,W3MJW01NV,겨울,남성,울,재킷,네이비,35479,2026-05-02,2026-05-11,2026-05-15,9,4,N,label-line-3,tight,supply_and_production_break
PRD-00405,SHP-202605-02,3,지퍼단추사,W3MJW01NV,겨울,남성,울,재킷,네이비,35479,2026-05-05,2026-05-16,2026-05-15,11,-1,Y,zipper-line-4,late,supply_and_production_break
PRD-00406,SHP-202605-03,1,옷감사,W2WTO11BK,가을,여성,트윌,아우터,블랙,37448,2026-05-07,2026-05-23,2026-05-23,16,0,N,fabric-line-5,tight,supply_and_production_break
PRD-00407,SHP-202605-03,2,케어라벨사,W2WTO11BK,가을,여성,트윌,아우터,블랙,37448,2026-05-06,2026-05-16,2026-05-23,10,7,N,label-line-6,normal,supply_and_production_break
PRD-00408,SHP-202605-03,3,지퍼단추사,W2WTO11BK,가을,여성,트윌,아우터,블랙,37448,2026-05-08,2026-05-20,2026-05-23,12,3,N,zipper-line-1,tight,supply_and_production_break
PRD-00409,SHP-202605-04,1,옷감사,W2MTC08RD,여름,여성,면,티셔츠,레드,39083,2026-05-10,2026-05-28,2026-05-28,18,0,N,fabric-line-2,tight,supply_and_production_break
PRD-00410,SHP-202605-04,2,케어라벨사,W2MTC08RD,여름,여성,면,티셔츠,레드,39083,2026-05-16,2026-05-25,2026-05-28,9,3,N,label-line-3,tight,supply_and_production_break
PRD-00411,SHP-202605-04,3,지퍼단추사,W2MTC08RD,여름,여성,면,티셔츠,레드,39083,2026-05-16,2026-05-28,2026-05-28,12,0,N,zipper-line-4,tight,supply_and_production_break
PRD-00412,SHP-202606-01,1,옷감사,W1MTP05BE,봄,남성,폴리에스터,티셔츠,베이지,44045,2026-05-19,2026-06-06,2026-06-08,18,2,N,fabric-line-5,tight,supply_and_production_break
PRD-00413,SHP-202606-01,2,케어라벨사,W1MTP05BE,봄,남성,폴리에스터,티셔츠,베이지,44045,2026-05-26,2026-06-05,2026-06-08,10,3,N,label-line-6,tight,supply_and_production_break
PRD-00414,SHP-202606-01,3,지퍼단추사,W1MTP05BE,봄,남성,폴리에스터,티셔츠,베이지,44045,2026-05-22,2026-06-05,2026-06-08,14,3,N,zipper-line-1,tight,supply_and_production_break
PRD-00415,SHP-202606-02,1,옷감사,W2WTL06WH,봄,여성,리넨,티셔츠,화이트,35166,2026-05-29,2026-06-15,2026-06-18,17,3,N,fabric-line-2,tight,supply_and_production_break
PRD-00416,SHP-202606-02,2,케어라벨사,W2WTL06WH,봄,여성,리넨,티셔츠,화이트,35166,2026-06-06,2026-06-16,2026-06-18,10,2,N,label-line-3,tight,supply_and_production_break
PRD-00417,SHP-202606-02,3,지퍼단추사,W2WTL06WH,봄,여성,리넨,티셔츠,화이트,35166,2026-06-03,2026-06-17,2026-06-18,14,1,N,zipper-line-4,tight,supply_and_production_break
PRD-00418,SHP-202606-03,1,옷감사,W2MPL09NV,가을,남성,폴리에스터,팬츠,네이비,33338,2026-06-10,2026-06-28,2026-06-27,18,-1,Y,fabric-line-5,late,supply_and_production_break
PRD-00419,SHP-202606-03,2,케어라벨사,W2MPL09NV,가을,남성,폴리에스터,팬츠,네이비,33338,2026-06-13,2026-06-23,2026-06-27,10,4,N,label-line-6,tight,supply_and_production_break
PRD-00420,SHP-202606-03,3,지퍼단추사,W2MPL09NV,가을,남성,폴리에스터,팬츠,네이비,33338,2026-06-14,2026-06-25,2026-06-27,11,2,N,zipper-line-1,tight,supply_and_production_break
PRD-00421,SHP-202607-01,1,옷감사,W3MJW01NV,겨울,남성,울,재킷,네이비,36658,2026-06-14,2026-07-02,2026-07-03,18,1,N,fabric-line-2,tight,july_normal
PRD-00422,SHP-202607-01,2,케어라벨사,W3MJW01NV,겨울,남성,울,재킷,네이비,36658,2026-06-16,2026-06-26,2026-07-03,10,7,N,label-line-3,normal,july_normal
PRD-00423,SHP-202607-01,3,지퍼단추사,W3MJW01NV,겨울,남성,울,재킷,네이비,36658,2026-06-17,2026-06-28,2026-07-03,11,5,N,zipper-line-4,tight,july_normal
PRD-00424,SHP-202607-02,1,옷감사,W2WTO11BK,가을,여성,트윌,아우터,블랙,38344,2026-06-20,2026-07-06,2026-07-10,16,4,N,fabric-line-5,tight,july_due_day_pressure
PRD-00425,SHP-202607-02,2,케어라벨사,W2WTO11BK,가을,여성,트윌,아우터,블랙,38344,2026-06-25,2026-07-06,2026-07-10,11,4,N,label-line-6,tight,july_due_day_pressure
PRD-00426,SHP-202607-02,3,지퍼단추사,W2WTO11BK,가을,여성,트윌,아우터,블랙,38344,2026-06-23,2026-07-04,2026-07-10,11,6,N,zipper-line-1,normal,july_due_day_pressure
PRD-00427,SHP-202607-03,1,옷감사,W2MTC08RD,여름,여성,면,티셔츠,레드,35769,2026-07-01,2026-07-17,2026-07-17,16,0,N,fabric-line-2,tight,july_round_trip_candidate
PRD-00428,SHP-202607-03,2,케어라벨사,W2MTC08RD,여름,여성,면,티셔츠,레드,35769,2026-07-05,2026-07-15,2026-07-17,10,2,N,label-line-3,tight,july_round_trip_candidate
PRD-00429,SHP-202607-03,3,지퍼단추사,W2MTC08RD,여름,여성,면,티셔츠,레드,35769,2026-07-06,2026-07-18,2026-07-17,12,-1,Y,zipper-line-4,late,july_round_trip_candidate
PRD-00430,SHP-202607-04,1,옷감사,W2WPL07BE,여름,여성,폴리에스터,팬츠,베이지,43078,2026-06-30,2026-07-19,2026-07-24,19,5,N,fabric-line-5,tight,july_heavy_load
PRD-00431,SHP-202607-04,2,케어라벨사,W2WPL07BE,여름,여성,폴리에스터,팬츠,베이지,43078,2026-07-12,2026-07-21,2026-07-24,9,3,N,label-line-6,tight,july_heavy_load
PRD-00432,SHP-202607-04,3,지퍼단추사,W2WPL07BE,여름,여성,폴리에스터,팬츠,베이지,43078,2026-07-07,2026-07-19,2026-07-24,12,5,N,zipper-line-1,tight,july_heavy_load
PRD-00433,SHP-202607-05,1,옷감사,W1MTP05BE,봄,남성,폴리에스터,티셔츠,베이지,41800,2026-07-15,2026-08-01,2026-07-31,17,-1,Y,fabric-line-2,late,july_duplicate_guard
PRD-00434,SHP-202607-05,2,케어라벨사,W1MTP05BE,봄,남성,폴리에스터,티셔츠,베이지,41800,2026-07-20,2026-07-31,2026-07-31,11,0,N,label-line-3,tight,july_duplicate_guard
PRD-00435,SHP-202607-05,3,지퍼단추사,W1MTP05BE,봄,남성,폴리에스터,티셔츠,베이지,41800,2026-07-12,2026-07-26,2026-07-31,14,5,N,zipper-line-4,tight,july_duplicate_guard
PRD-00436,SHP-202608-01,1,옷감사,W2MPL09NV,가을,남성,폴리에스터,팬츠,네이비,32303,2026-07-17,2026-08-05,2026-08-07,19,2,N,fabric-line-5,tight,supply_and_production_break
PRD-00437,SHP-202608-01,2,케어라벨사,W2MPL09NV,가을,남성,폴리에스터,팬츠,네이비,32303,2026-07-23,2026-08-03,2026-08-07,11,4,N,label-line-6,tight,supply_and_production_break
PRD-00438,SHP-202608-01,3,지퍼단추사,W2MPL09NV,가을,남성,폴리에스터,팬츠,네이비,32303,2026-07-20,2026-08-02,2026-08-07,13,5,N,zipper-line-1,tight,supply_and_production_break
PRD-00439,SHP-202608-02,1,옷감사,W2WPM10GY,겨울,여성,울,코트,그레이,37354,2026-07-26,2026-08-13,2026-08-15,18,2,N,fabric-line-2,tight,supply_and_production_break
PRD-00440,SHP-202608-02,2,케어라벨사,W2WPM10GY,겨울,여성,울,코트,그레이,37354,2026-08-04,2026-08-15,2026-08-15,11,0,N,label-line-3,tight,supply_and_production_break
PRD-00441,SHP-202608-02,3,지퍼단추사,W2WPM10GY,겨울,여성,울,코트,그레이,37354,2026-07-31,2026-08-14,2026-08-15,14,1,N,zipper-line-4,tight,supply_and_production_break
PRD-00442,SHP-202608-03,1,옷감사,W3MJW01NV,겨울,남성,울,재킷,네이비,31068,2026-08-03,2026-08-22,2026-08-23,19,1,N,fabric-line-5,tight,supply_and_production_break
PRD-00443,SHP-202608-03,2,케어라벨사,W3MJW01NV,겨울,남성,울,재킷,네이비,31068,2026-08-09,2026-08-21,2026-08-23,12,2,N,label-line-6,tight,supply_and_production_break
PRD-00444,SHP-202608-03,3,지퍼단추사,W3MJW01NV,겨울,남성,울,재킷,네이비,31068,2026-08-11,2026-08-24,2026-08-23,13,-1,Y,zipper-line-1,late,supply_and_production_break
PRD-00445,SHP-202608-04,1,옷감사,W2WTO11BK,가을,여성,트윌,아우터,블랙,34112,2026-08-08,2026-08-27,2026-08-28,19,1,N,fabric-line-2,tight,supply_and_production_break
PRD-00446,SHP-202608-04,2,케어라벨사,W2WTO11BK,가을,여성,트윌,아우터,블랙,34112,2026-08-16,2026-08-28,2026-08-28,12,0,N,label-line-3,tight,supply_and_production_break
PRD-00447,SHP-202608-04,3,지퍼단추사,W2WTO11BK,가을,여성,트윌,아우터,블랙,34112,2026-08-10,2026-08-22,2026-08-28,12,6,N,zipper-line-4,normal,supply_and_production_break
PRD-00448,SHP-202609-01,1,옷감사,W2WPL07BE,여름,여성,폴리에스터,팬츠,베이지,36809,2026-08-21,2026-09-09,2026-09-08,19,-1,Y,fabric-line-5,late,supply_and_production_break
PRD-00449,SHP-202609-01,2,케어라벨사,W2WPL07BE,여름,여성,폴리에스터,팬츠,베이지,36809,2026-08-24,2026-09-03,2026-09-08,10,5,N,label-line-6,tight,supply_and_production_break
PRD-00450,SHP-202609-01,3,지퍼단추사,W2WPL07BE,여름,여성,폴리에스터,팬츠,베이지,36809,2026-08-24,2026-09-06,2026-09-08,13,2,N,zipper-line-1,tight,supply_and_production_break
PRD-00451,SHP-202609-02,1,옷감사,W1MTP05BE,봄,남성,폴리에스터,티셔츠,베이지,29471,2026-09-02,2026-09-19,2026-09-18,17,-1,Y,fabric-line-2,late,supply_and_production_break
PRD-00452,SHP-202609-02,2,케어라벨사,W1MTP05BE,봄,남성,폴리에스터,티셔츠,베이지,29471,2026-09-06,2026-09-16,2026-09-18,10,2,N,label-line-3,tight,supply_and_production_break
PRD-00453,SHP-202609-02,3,지퍼단추사,W1MTP05BE,봄,남성,폴리에스터,티셔츠,베이지,29471,2026-09-01,2026-09-13,2026-09-18,12,5,N,zipper-line-4,tight,supply_and_production_break
PRD-00454,SHP-202609-03,1,옷감사,W2WTL06WH,봄,여성,리넨,티셔츠,화이트,34319,2026-09-07,2026-09-24,2026-09-27,17,3,N,fabric-line-5,tight,supply_and_production_break
PRD-00455,SHP-202609-03,2,케어라벨사,W2WTL06WH,봄,여성,리넨,티셔츠,화이트,34319,2026-09-11,2026-09-20,2026-09-27,9,7,N,label-line-6,normal,supply_and_production_break
PRD-00456,SHP-202609-03,3,지퍼단추사,W2WTL06WH,봄,여성,리넨,티셔츠,화이트,34319,2026-09-16,2026-09-28,2026-09-27,12,-1,Y,zipper-line-1,late,supply_and_production_break
PRD-00457,SHP-202610-01,1,옷감사,W2WPM10GY,겨울,여성,울,코트,그레이,40729,2026-09-24,2026-10-10,2026-10-08,16,-2,Y,fabric-line-2,late,supply_and_production_break
PRD-00458,SHP-202610-01,2,케어라벨사,W2WPM10GY,겨울,여성,울,코트,그레이,40729,2026-09-22,2026-10-02,2026-10-08,10,6,N,label-line-3,normal,supply_and_production_break
PRD-00459,SHP-202610-01,3,지퍼단추사,W2WPM10GY,겨울,여성,울,코트,그레이,40729,2026-09-22,2026-10-05,2026-10-08,13,3,N,zipper-line-4,tight,supply_and_production_break
PRD-00460,SHP-202610-02,1,옷감사,W3MJW01NV,겨울,남성,울,재킷,네이비,39399,2026-09-28,2026-10-17,2026-10-18,19,1,N,fabric-line-5,tight,supply_and_production_break
PRD-00461,SHP-202610-02,2,케어라벨사,W3MJW01NV,겨울,남성,울,재킷,네이비,39399,2026-10-08,2026-10-18,2026-10-18,10,0,N,label-line-6,tight,supply_and_production_break
PRD-00462,SHP-202610-02,3,지퍼단추사,W3MJW01NV,겨울,남성,울,재킷,네이비,39399,2026-10-03,2026-10-14,2026-10-18,11,4,N,zipper-line-1,tight,supply_and_production_break
PRD-00463,SHP-202610-03,1,옷감사,W2WTO11BK,가을,여성,트윌,아우터,블랙,40372,2026-10-05,2026-10-22,2026-10-27,17,5,N,fabric-line-2,tight,supply_and_production_break
PRD-00464,SHP-202610-03,2,케어라벨사,W2WTO11BK,가을,여성,트윌,아우터,블랙,40372,2026-10-14,2026-10-26,2026-10-27,12,1,N,label-line-3,tight,supply_and_production_break
PRD-00465,SHP-202610-03,3,지퍼단추사,W2WTO11BK,가을,여성,트윌,아우터,블랙,40372,2026-10-16,2026-10-27,2026-10-27,11,0,N,zipper-line-4,tight,supply_and_production_break
PRD-00466,SHP-202611-01,1,옷감사,W2WPL07BE,여름,여성,폴리에스터,팬츠,베이지,42351,2026-10-23,2026-11-08,2026-11-07,16,-1,Y,fabric-line-5,late,supply_and_production_break
PRD-00467,SHP-202611-01,2,케어라벨사,W2WPL07BE,여름,여성,폴리에스터,팬츠,베이지,42351,2026-10-28,2026-11-06,2026-11-07,9,1,N,label-line-6,tight,supply_and_production_break
PRD-00468,SHP-202611-01,3,지퍼단추사,W2WPL07BE,여름,여성,폴리에스터,팬츠,베이지,42351,2026-10-20,2026-11-03,2026-11-07,14,4,N,zipper-line-1,tight,supply_and_production_break
PRD-00469,SHP-202611-02,1,옷감사,W1MTP05BE,봄,남성,폴리에스터,티셔츠,베이지,42138,2026-10-26,2026-11-12,2026-11-15,17,3,N,fabric-line-2,tight,supply_and_production_break
PRD-00470,SHP-202611-02,2,케어라벨사,W1MTP05BE,봄,남성,폴리에스터,티셔츠,베이지,42138,2026-10-29,2026-11-10,2026-11-15,12,5,N,label-line-3,tight,supply_and_production_break
PRD-00471,SHP-202611-02,3,지퍼단추사,W1MTP05BE,봄,남성,폴리에스터,티셔츠,베이지,42138,2026-10-28,2026-11-10,2026-11-15,13,5,N,zipper-line-4,tight,supply_and_production_break
PRD-00472,SHP-202611-03,1,옷감사,W2WTL06WH,봄,여성,리넨,티셔츠,화이트,33824,2026-11-06,2026-11-23,2026-11-23,17,0,N,fabric-line-5,tight,supply_and_production_break
PRD-00473,SHP-202611-03,2,케어라벨사,W2WTL06WH,봄,여성,리넨,티셔츠,화이트,33824,2026-11-08,2026-11-18,2026-11-23,10,5,N,label-line-6,tight,supply_and_production_break
PRD-00474,SHP-202611-03,3,지퍼단추사,W2WTL06WH,봄,여성,리넨,티셔츠,화이트,33824,2026-11-10,2026-11-23,2026-11-23,13,0,N,zipper-line-1,tight,supply_and_production_break
PRD-00475,SHP-202611-04,1,옷감사,W2MPL09NV,가을,남성,폴리에스터,팬츠,네이비,39120,2026-11-06,2026-11-24,2026-11-28,18,4,N,fabric-line-2,tight,supply_and_production_break
PRD-00476,SHP-202611-04,2,케어라벨사,W2MPL09NV,가을,남성,폴리에스터,팬츠,네이비,39120,2026-11-11,2026-11-23,2026-11-28,12,5,N,label-line-3,tight,supply_and_production_break
PRD-00477,SHP-202611-04,3,지퍼단추사,W2MPL09NV,가을,남성,폴리에스터,팬츠,네이비,39120,2026-11-14,2026-11-28,2026-11-28,14,0,N,zipper-line-4,tight,supply_and_production_break
PRD-00478,SHP-202612-01,1,옷감사,W3MJW01NV,겨울,남성,울,재킷,네이비,37547,2026-11-18,2026-12-05,2026-12-08,17,3,N,fabric-line-5,tight,supply_and_production_break
PRD-00479,SHP-202612-01,2,케어라벨사,W3MJW01NV,겨울,남성,울,재킷,네이비,37547,2026-11-26,2026-12-08,2026-12-08,12,0,N,label-line-6,tight,supply_and_production_break
PRD-00480,SHP-202612-01,3,지퍼단추사,W3MJW01NV,겨울,남성,울,재킷,네이비,37547,2026-11-22,2026-12-04,2026-12-08,12,4,N,zipper-line-1,tight,supply_and_production_break
PRD-00481,SHP-202612-02,1,옷감사,W2WTO11BK,가을,여성,트윌,아우터,블랙,39044,2026-11-25,2026-12-14,2026-12-18,19,4,N,fabric-line-2,tight,supply_and_production_break
PRD-00482,SHP-202612-02,2,케어라벨사,W2WTO11BK,가을,여성,트윌,아우터,블랙,39044,2026-12-09,2026-12-18,2026-12-18,9,0,N,label-line-3,tight,supply_and_production_break
PRD-00483,SHP-202612-02,3,지퍼단추사,W2WTO11BK,가을,여성,트윌,아우터,블랙,39044,2026-12-05,2026-12-17,2026-12-18,12,1,N,zipper-line-4,tight,supply_and_production_break
PRD-00484,SHP-202612-03,1,옷감사,W2MTC08RD,여름,여성,면,티셔츠,레드,36345,2026-12-06,2026-12-24,2026-12-27,18,3,N,fabric-line-5,tight,supply_and_production_break
PRD-00485,SHP-202612-03,2,케어라벨사,W2MTC08RD,여름,여성,면,티셔츠,레드,36345,2026-12-14,2026-12-23,2026-12-27,9,4,N,label-line-6,tight,supply_and_production_break
PRD-00486,SHP-202612-03,3,지퍼단추사,W2MTC08RD,여름,여성,면,티셔츠,레드,36345,2026-12-15,2026-12-28,2026-12-27,13,-1,Y,zipper-line-1,late,supply_and_production_break
